Subject,Condition,Trial,CueText,TCueMarker,SwingOnsetForce,RTForce_ms,MT_ms,PeakVelTop,TPeakVelTop,PeakVelTopX,TPeakVelTopX,VelTopXAtPeak,IsBadTop,MaxNanRunTop,NNanInWinTop,BWTail_N,BWBase_N,PeakFz1_N,PeakFz2_N,Fz1Min_N,Fz2Min_N,IsFzOffset,IsBadGRF,IsBadOnset,IsShortRT,KeepTop,KeepRT,ExclTop,ExclRT,ExclGRF,BWest_N,PeakFz1_BW,PeakFz2_BW,IsGo
1,free,1,Go,646,2913,331,647,30.4764913255676,890,29.4057293828875,887,26.6450608722917,0,0,0,641.34222124726,716.636243773436,863.005146830219,1097.6907141937,3.35162096144311,1.40690392588676,0,0,0,0,0,0,0,0,0,731.912534486838,1.1791096697576,1.49975668194195,1
1,free,2,Go,646,2798,216,858,30.8931209054047,914,29.2359990520289,909,22.8098877678421,0,8,0,743.142986021022,718.178982929467,757.791518966689,1003.67411728533,98.1707566428395,1.6495978931454,0,0,0,0,0,0,0,0,0,731.912534486838,1.03535802880872,1.37130335934065,1
1,free,3,Go,646,2838,256,810,30.5372043281821,912,29.2492948933972,909,26.6279964779953,0,7,0,752.903009208881,717.590032444443,800.980314230078,1005.3118471167,113.80727528535,2.64096033905303,0,0,0,0,0,0,0,0,0,731.912534486838,1.09436616602237,1.37354096254349,1
1,free,4,Go,646,2827,245,909,33.0177839560758,934,29.9932396292438,924,10.3904883247379,0,11,0,736.076748327353,719.821448831522,797.723276533191,1018.73723132293,85.8970638648923,2.02515845466013,0,0,0,0,0,0,0,0,0,731.912534486838,1.08991612924418,1.39188384311139,1
1,free,5,Go,646,3126,544,706,32.3986097033347,958,30.9388872171085,953,24.4017917198276,1,46,46,701.022519475153,719.826699857538,786.722734969203,1142.23829789558,77.8080073575457,1.93436795134797,0,0,0,0,1,0,0,0,0,731.912534486838,1.0748862711045,1.56062130934325,1
1,free,6,Go,646,3029,447,787,32.021076606568,954,30.3454567864628,950,25.4486147643964,0,0,0,712.619079453551,720.692416564545,799.112784389773,1058.57081216795,101.649565971991,1.89769370791435,0,0,0,0,0,0,0,0,0,731.912534486838,1.09181459086508,1.44630780631478,1
1,free,7,Go,646,2819,237,1089,32.7503507311678,977,30.8814039134613,972,23.4653593935685,1,38,59,703.962671672696,723.482966227437,770.46178184865,1156.52810021088,70.8462307797273,2.29218313885441,0,0,0,0,1,0,0,0,0,731.912534486838,1.05266919959069,1.58014523008784,1
1,free,8,Go,646,2802,220,726,33.0632249238604,882,31.2339630390263,878,25.3035614236887,1,43,52,737.073806451076,718.736213767568,729.954422631471,1091.35898967512,88.4565331904287,2.36222558117144,0,0,0,0,1,0,0,0,0,731.912534486838,0.997324664132526,1.49110575137273,1
1,free,9,Go,646,2835,253,957,32.2074386314806,948,30.4334079781437,944,25.6490985260887,1,40,53,712.094771060319,719.814554856811,804.028225298872,1040.03967692765,76.9499182582492,2.2901497814291,0,0,0,0,1,0,0,0,0,731.912534486838,1.09853047654471,1.42098902248866,1
1,free,10,Go,646,3061,479,755,32.4239749795743,954,30.82668605152,950,25.3898601760767,1,27,27,715.09752792973,718.666296069999,787.872927841073,1044.43325430362,122.544831299849,2.09999264272993,0,0,0,0,1,0,0,0,0,731.912534486838,1.07645776061681,1.4269918946475,1
1,free,11,Go,646,2720,NaN,NaN,32.8132784731705,909,31.3767042363288,905,26.1300175908359,1,23,23,735.887955699207,721.073587757199,794.277432989794,1113.12199224146,85.0170886634584,2.32634113813804,0,0,0,1,1,0,0,0,0,731.912534486838,1.08520813015818,1.52084018211534,1
1,free,12,Go,646,2796,214,1052,32.166006551256,962,30.3986353432581,957,24.6109529174365,0,3,0,704.083804806467,719.007203847195,798.699004139799,1066.6136077443,106.747470777883,1.98256608378369,0,0,0,0,0,0,0,0,0,731.912534486838,1.09124924974784,1.4572965449924,1
1,free,13,Go,646,3071,489,769,32.1081725808024,960,30.3552311389752,956,24.5272471872967,1,16,16,701.315798498554,718.356638901546,828.456678957195,1050.30517979979,88.7629865808412,1.95584616716236,0,0,0,0,1,0,0,0,0,731.912534486838,1.13190666906401,1.4350146094112,1
1,simple,1,Go,621,2672,190,512,32.810408002097,796,31.8215508899849,793,28.6186213937777,0,0,0,726.928922021389,721.692374346771,742.97164019621,896.377772194501,165.524921050767,0.461066210799402,0,0,0,0,0,0,0,0,0,731.912534486838,1.01510987336366,1.22470613626391,1
1,simple,2,Go,721,3052,170,524,32.678606115645,894,31.4576604891061,890,27.0358058604902,0,1,0,180.514902020951,157.967457861099,159.942475093625,907.295367312028,-349.870549566119,0.74456973730913,1,1,0,0,0,0,0,0,0,731.912534486838,NaN,NaN,1
1,simple,3,Go,571,2490,208,578,32.2968921542482,767,30.8363023203134,764,27.7762646181288,0,0,0,737.022648164946,719.16679422415,761.747095952088,807.044258011416,138.33558323374,1.80240804782099,0,0,0,0,0,0,0,0,0,731.912534486838,1.04076246827248,1.10265123219574,1
1,simple,4,Go,621,2673,191,551,32.9103738992681,806,32.0073570746188,803,28.492355903138,0,0,0,737.013917982638,720.929408183538,741.244325756384,909.163873428146,174.118645436324,0.682548819160912,0,0,0,0,0,0,0,0,0,731.912534486838,1.01274987219079,1.24217557507139,1
1,simple,5,Go,721,3058,176,562,32.4468042267364,905,31.4185744291803,902,28.4242170761106,0,0,0,731.236307326125,723.107541965526,785.380896435711,1074.46423844454,126.387187549682,-0.614495205588008,0,0,0,0,0,0,0,0,0,731.912534486838,1.07305293929194,1.46802273197558,1
1,simple,6,Go,571,2475,193,589,32.7899324355833,766,31.547520879176,762,27.5473557739438,0,0,0,745.236590832011,720.974980219777,747.358494226419,850.181426779737,57.129843306548,1.9899522457496,0,0,0,0,0,0,0,0,0,731.912534486838,1.02110355952629,1.16158883298237,1
1,simple,7,Go,671,2865,183,539,32.0703263768819,851,31.4009121340006,849,30.4976912296973,0,0,0,720.488943864616,720.494545734399,751.61600625962,923.390812005016,155.023289619446,0.648367585052076,0,0,0,0,0,0,0,0,0,731.912534486838,1.02692052785596,1.26161360612908,1
1,simple,8,Go,621,2688,206,528,32.8387938227409,804,31.5693320270056,801,28.3620094898782,0,0,0,736.503993871409,720.534617954085,733.634125469334,982.591198378425,104.66475759564,0.267096007234618,0,0,0,0,0,0,0,0,0,731.912534486838,1.00235218130771,1.34249811566261,1
1,simple,9,Go,571,2488,206,520,32.5511015411255,752,31.4287947304621,748,27.6259468799406,0,0,0,746.200350423342,721.277650523546,740.081233547455,898.836764666464,4.04540686332985,0.553616488878358,0,0,0,0,0,0,0,0,0,731.912534486838,1.01116075852744,1.22806581704009,1
1,simple,10,Go,721,3062,180,518,32.5006150921583,895,31.4453280853605,892,28.1760568082445,0,0,0,742.748250543942,721.38720905695,753.299514033424,944.768009962861,161.737952742134,-0.432100653436314,0,0,0,0,0,0,0,0,0,731.912534486838,1.02922067670501,1.29082091841105,1
1,simple,11,Go,671,2860,178,528,31.9864937256167,847,31.0817770565486,841,21.2783991040672,0,0,0,762.68509879377,721.161123316185,761.776369369972,951.319255855366,35.5541491242626,0.227175598172332,0,0,0,0,0,0,0,0,0,731.912534486838,1.04080246405955,1.29977177740556,1
1,simple,12,Go,571,2553,271,571,32.8440859442238,781,31.5327955653126,777,27.1618394055345,0,0,0,754.987218164689,719.447355478853,735.814043762454,862.061809260135,159.746858585735,1.72135837996125,0,0,0,0,0,0,0,0,0,731.912534486838,1.00533056764543,1.17782080322555,1
1,simple,13,Go,721,3053,171,527,31.7973466594818,895,30.8301331782431,890,22.7870242559746,0,0,0,739.787381991485,720.216691127522,749.911664755027,985.666951457097,195.285202787209,0.423252095071168,0,0,0,0,0,0,0,0,0,731.912534486838,1.02459191422485,1.34670046626292,1
1,simple,14,Go,671,2860,178,568,32.8126341131138,857,31.4649437775858,853,27.3011957609468,0,0,0,732.044852607435,721.151290185473,757.526855173878,947.143979687097,141.571100647111,1.14517155659753,0,0,0,0,0,0,0,0,0,731.912534486838,1.03499642304254,1.29406716657908,1
1,simple,15,Go,621,2683,201,589,32.4960648329568,818,31.5207817533322,814,26.6081704759998,0,0,0,651.447155336989,722.308493909405,748.951776058735,998.849200171596,1.89689612139054,2.49444599251634,0,0,0,0,0,0,0,0,0,731.912534486838,1.02328043416259,1.3647111548266,1
1,gonogo,1,Go,671,2896,214,636,31.7913875669737,883,30.4536397341074,879,26.3292696385132,0,24,0,0.122259389452524,-8.72853295725054,37.9782358550307,905.416002424093,-724.98887159371,1.26998867409623,1,1,0,0,0,0,0,0,1,731.912534486838,NaN,NaN,1
1,gonogo,2,NoGo,571,2504,222,112,2.86557346874044,654,1.18473937818975,679,0.478102277524931,0,0,0,647.172233848095,720.155084214782,760.208801674534,947.630763445765,158.25666998397,-7.6143185474123,0,0,0,0,0,0,0,0,0,731.912534486838,1.0386607222235,1.29473225118377,0
1,gonogo,3,Go,721,NaN,NaN,NaN,NaN,881,NaN,872,12.878709099863,0,17,0,720.807873558936,719.694017399634,713.616136850785,1281.57307088332,42.7243836207408,0.507178166658299,0,0,1,0,0,0,0,0,0,731.912534486838,NaN,NaN,1
1,gonogo,4,Go,671,2872,190,720,33.806132770005,898,31.5304040770443,892,22.7550031661821,0,0,0,731.419424877155,719.724295871533,737.929825396169,1072.33716005626,75.862799006264,1.23047502844209,0,0,0,0,0,0,0,0,0,731.912534486838,1.00822132512534,1.46511653992659,1
1,gonogo,5,Go,571,2492,210,680,31.5726109950386,793,30.945018005593,789,27.8387745612514,1,11,11,725.912201063318,719.307635369177,744.564761327558,874.877485589243,137.87315724459,1.52724829758734,0,0,0,0,1,0,0,0,0,731.912534486838,1.01728652843689,1.19533064999719,1
1,gonogo,6,NoGo,721,3068,186,NaN,2.43799254500952,296,0.829304697449809,818,0.231138119341244,0,0,0,803.082206838828,719.266633942597,754.715017167596,780.332964091176,184.883151138534,-2.36839994217286,0,0,0,0,0,0,0,0,0,731.912534486838,1.03115465524408,1.06615603275368,0
1,gonogo,7,Go,621,2702,220,594,32.8490474791306,824,31.7509168652452,821,29.0006114009188,1,50,50,748.109654512795,720.479136508076,735.31729381201,984.111710215906,108.646351083722,2.6043167610552,0,0,0,0,1,0,0,0,0,731.912534486838,1.00465186639762,1.3445755658576,1
1,gonogo,8,Go,571,2488,206,568,32.3636247130141,764,31.0168267667277,760,26.0876512448705,0,0,0,742.077378165143,718.968022603306,743.570217312913,873.226753454123,6.22489632952828,0.987679787893625,0,0,0,0,0,0,0,0,0,731.912534486838,1.0159276993859,1.19307528196161,1
1,gonogo,9,NoGo,671,2872,190,NaN,2.4449504554246,388,0.976307813857713,774,-0.105203035652549,0,0,0,73.3595466674549,18.6514098279359,29.896241183345,654.828301069797,-518.248038180023,-0.439229675884367,1,1,0,0,0,0,0,0,0,731.912534486838,NaN,NaN,0
1,gonogo,10,Go,621,2687,205,561,32.4391858180734,812,31.708123610991,808,27.7203366170103,1,14,14,752.860008948987,719.404365205032,760.945373460955,959.382227902984,94.4674367655763,0.496752593518062,0,0,0,0,1,0,0,0,0,731.912534486838,1.03966708808242,1.31078808286243,1
1,gonogo,11,NoGo,721,3054,172,NaN,2.34772808803557,387,0.833175569989117,849,0.0571843936603977,0,0,0,732.104729915565,720.068147736556,751.140718465506,799.275016508748,100.378159547222,-1.39054412414101,0,0,0,0,0,0,0,0,0,731.912534486838,1.02627114999766,1.09203624592813,0
1,gonogo,12,Go,671,2866,184,614,31.1229020754322,870,29.7880214157148,864,19.5149474959508,1,11,11,730.083544028369,714.242841754107,735.80925970882,856.184914315722,178.514178847987,1.69978186608706,0,0,0,0,1,0,0,0,0,731.912534486838,1.00532403127201,1.16979129878684,1
1,gonogo,13,Go,571,2476,194,584,31.4345432288074,765,29.9342930453558,759,19.4555481715562,0,0,0,747.07517059578,719.863233666985,734.544375068071,848.176975016197,26.0033637879764,1.80233683102307,0,0,0,0,0,0,0,0,0,731.912534486838,1.00359584029132,1.15885018366419,1
1,gonogo,14,NoGo,721,3009,127,NaN,2.44568366575382,118,0.856733225349113,840,0.384208299596532,0,0,0,788.959635118784,720.212085641762,735.574688237932,842.036890570771,110.017801971524,-3.30618223186185,0,0,0,0,0,0,0,0,0,731.912534486838,1.00500354014795,1.15046108775982,0
1,gonogo,15,Go,621,2691,209,509,31.4407294411032,800,30.1843573899562,796,25.5200203166262,0,0,0,735.406761537225,719.62800511633,736.956642776946,921.971798132023,27.8661760708104,-0.286047650071541,0,0,0,0,0,0,0,0,0,731.912534486838,1.00689168179589,1.25967483092558,1
1,gostop,1,Go,571,2481,199,695,32.6319845937935,794,31.9676752226246,792,30.2752003248311,0,0,0,739.73767415253,718.97390483317,741.179619413787,1117.79172024787,96.0746250084798,-3.51725579687045,0,0,0,0,0,0,0,0,0,731.912534486838,1.01266146498426,1.52722035431677,1
1,gostop,2,Stop,671,2891,209,677,5.53974517589371,892,2.14398961096364,952,-4.02103433346895,0,0,0,724.035705943249,720.742727799493,739.778527564037,1164.28328205882,102.636555010926,-2.3405206664945,0,0,0,0,0,0,0,0,0,731.912534486838,1.01074717634494,1.59074100688155,0
1,gostop,3,Go,721,3023,NaN,NaN,32.0866923766588,931,30.9469458579387,927,27.3249502394065,0,0,0,712.984550691212,721.433403175351,754.498388364958,1112.73229384849,64.408592060912,0.660139689806171,0,0,0,1,0,0,0,0,0,731.912534486838,1.03085867889113,1.52030774364133,1
1,gostop,4,Go,571,2509,227,635,31.864438347408,786,31.4955389819853,784,30.8391983449765,0,0,0,725.914474169683,718.940249988924,745.771857026288,1051.68081143426,110.435171089065,0.119614767686036,0,0,0,0,0,0,0,0,0,731.912534486838,1.01893576334113,1.43689411217916,1
1,gostop,5,Go,721,3072,190,624,31.6413204808674,924,30.8093027696696,921,27.5050777652368,0,0,0,720.33164495826,721.346035052303,769.016635647449,1305.32183400601,87.5278293013738,-4.15314195854686,0,0,0,0,0,0,0,0,0,731.912534486838,1.05069472021903,1.78343964954939,1
1,gostop,6,Go,621,2729,247,623,34.7681188663406,838,30.5504928176253,837,29.3329142813118,0,0,0,718.341069827527,721.466271447725,739.526925121014,1104.22110377105,123.96509010607,-1.91560109187919,0,0,0,0,0,0,0,0,0,731.912534486838,1.01040341608511,1.50867904529774,1
1,gostop,7,Stop,671,2870,188,554,8.65412659708178,856,1.33031027174476,874,-2.93301269957024,0,0,0,683.081457401769,719.610544942234,753.897076914513,918.097177902593,2.83994352652953,-2.03911493864245,0,0,0,0,0,0,0,0,0,731.912534486838,1.03003711699389,1.25438100133959,0
1,gostop,8,Go,721,3055,173,641,32.8703136437721,924,32.066158697245,921,29.2751876188025,0,0,0,723.73259288807,718.951682535817,766.224209256669,1127.40385002299,84.5978617498371,0.969930262840795,0,0,0,0,0,0,0,0,0,731.912534486838,1.04687947419003,1.54035324837474,1
1,gostop,9,Stop,571,2492,210,592,10.7223583385793,771,3.18095835932707,788,-2.06793292423022,0,0,0,697.183646651368,719.926652004057,752.173133980366,892.834486886344,183.540004609488,1.62922010931337,0,0,0,0,0,0,0,0,0,731.912534486838,1.02768172225351,1.21986500410508,0
1,gostop,10,Go,671,NaN,NaN,NaN,NaN,847,NaN,843,25.2508548293876,0,0,0,751.605683622414,721.665676716845,726.059968002155,1110.41883881498,72.657835074658,-0.354166845544525,0,0,1,0,0,0,0,0,0,731.912534486838,NaN,NaN,1
1,gostop,11,Go,621,2691,209,613,33.0065983660024,826,32.3931351072781,823,29.5233116496489,0,0,0,184.520421129097,718.92681758895,745.566463839893,1030.22646681404,2.74652377891496,0.0527902633818445,0,0,0,0,0,0,0,0,0,731.912534486838,1.01865513802497,1.40758139568734,1
1,gostop,12,Stop,571,2488,206,564,9.00021271306899,763,1.46788284864074,781,-3.22764586444002,0,0,0,743.319663764048,719.980215375406,750.740334394716,751.831669780174,133.395366088537,-0.386358017317657,0,0,0,0,0,0,0,0,0,731.912534486838,1.02572411185864,1.02721518535996,0
1,gostop,13,Go,671,2872,190,588,32.8253612016238,865,32.2740724837741,862,29.6154624796492,0,0,0,744.361654927455,719.677846446887,752.642074832497,1023.41123497472,100.852375265414,1.13537708859839,0,0,0,0,0,0,0,0,0,731.912534486838,1.02832242838988,1.39826985705643,1
1,gostop,14,Stop,621,2672,190,540,11.8259394573866,803,4.85314948272555,817,-0.855552414831123,0,0,0,711.935714582631,719.551951119037,740.494863141543,883.004101346946,3.26334893578548,0.903645710134139,0,0,0,0,0,0,0,0,0,731.912534486838,1.01172589380604,1.20643391080335,0
1,gostop,15,Go,721,3061,179,603,32.6531453791556,916,31.8155982333202,913,29.2847605656501,0,0,0,731.78021636624,721.701857611681,755.814077844176,1053.97516216976,170.578700615211,0.698149130281639,0,0,0,0,0,0,0,0,0,731.912534486838,1.03265628368299,1.44002884567174,1
2,free,1,Go,646,2825,243,711,34.759493794525,884,32.1640949473276,881,28.4790845338998,0,0,0,828.19995020468,842.631147747979,868.651101968623,1217.76450624711,171.60296060476,-17.8501511821122,0,0,0,0,0,0,0,0,0,857.58546109977,1.01290325147847,1.41999201418999,1
2,free,2,Go,646,2806,224,706,32.9573631959756,878,31.6443764078797,877,31.391299468015,0,0,0,259.401855292503,250.682564649422,246.410182662295,1212.52790848764,-462.66302115851,2.12500370530364,1,1,0,0,0,0,0,0,1,857.58546109977,NaN,NaN,1
2,free,3,Go,646,2805,223,671,34.4708799787866,869,32.1706566693206,866,29.6900131668455,0,0,0,857.030173818207,862.567587189552,868.928283892988,1208.60103482029,2.8129049952775,2.1813321841539,0,0,0,0,0,0,0,0,0,857.58546109977,1.01322646349283,1.40930681505535,1
2,free,4,Go,646,2873,291,703,35.4766818603176,894,33.9408267457849,890,28.2554874899318,0,0,0,819.418601299246,862.990464306164,907.628781875876,1332.85071134863,2.96258409620553,0.281423624409443,0,0,0,0,0,0,0,0,0,857.58546109977,1.05835374204214,1.55418995751092,1
2,free,5,Go,646,2850,268,698,33.7419048843673,887,31.8353506009516,884,28.5868363636781,0,0,0,918.600661945401,862.140019978094,871.314777218819,1272.76269676396,181.427551478935,1.77823026268018,0,0,0,0,0,0,0,0,0,857.58546109977,1.01600926874558,1.48412345415904,1
2,free,6,Go,646,3013,431,683,33.5626316969242,924,33.2220956828014,923,32.7340667863721,0,0,0,857.58546109977,861.97621143086,877.648461603208,1245.08407027368,189.986897413581,1.24352982464559,0,0,0,0,0,0,0,0,0,857.58546109977,1.02339475354178,1.45184838917042,1
2,free,7,Go,646,2832,250,636,33.8288537253709,867,31.6009949030077,863,25.3537705916763,0,0,0,898.426468832881,858.359534285388,871.017724438842,1209.43689944719,191.45947414871,2.37888879785439,0,0,0,0,0,0,0,0,0,857.58546109977,1.01566288603103,1.41028148716072,1
2,free,8,Go,646,3023,441,729,33.9159003908265,938,32.9489134367549,934,26.6769157970306,0,0,0,799.425358044199,862.051745481613,872.321754698183,1382.19399947108,2.69940689836297,1.59553973316399,0,0,0,0,0,0,0,0,0,857.58546109977,1.0171834694813,1.61172741629569,1
2,free,9,Go,646,2883,301,785,35.0277990844273,917,33.5763902433257,914,29.4700995582771,0,0,0,860.032227222663,860.020518015506,872.803098649327,1359.69284935913,186.71980065983,0.799446865388728,0,0,0,0,0,0,0,0,0,857.58546109977,1.0177447475964,1.58548962294144,1
2,free,10,Go,646,2913,331,783,34.8756188403383,924,33.5963787864789,923,32.6262303358879,0,0,0,855.81002282962,861.025358827544,872.714798660641,1328.88844893039,166.602268427144,1.66214772073139,0,0,0,0,0,0,0,0,0,857.58546109977,1.01764178411032,1.54956970378931,1
2,free,11,Go,646,3015,433,629,34.2139652715207,911,33.4096622872911,909,31.251110764794,0,0,0,912.618987896003,850.187310365253,879.004467088183,1331.3144227603,60.3263589749589,1.56981607025033,0,0,0,0,0,0,0,0,0,857.58546109977,1.02497594345985,1.55239854585806,1
2,free,12,Go,646,2836,254,824,34.9351356481945,915,34.071359176719,912,31.2575568077915,0,0,0,861.185365367683,861.863194285189,871.724954504088,1242.2076168318,140.856183691149,2.07808585672676,0,0,0,0,0,0,0,0,0,857.58546109977,1.01648756193486,1.44849425879818,1
2,free,13,Go,646,2838,256,762,35.3408053433126,900,32.928057965057,897,29.9442571192963,0,0,0,867.452449298228,858.691510071672,864.815499424764,1255.65427517237,160.134209688074,0.653034830619029,0,0,0,0,0,0,0,0,0,857.58546109977,1.00843069134559,1.46417393033006,1
2,free,14,Go,646,3070,488,678,34.6324544609804,937,33.1367685904957,933,27.8098603662126,0,0,0,858.144030071135,860.50092819371,877.63892375022,1347.32625505893,168.537496122963,1.31757027948514,0,0,0,0,0,0,0,0,0,857.58546109977,1.02338363178958,1.57106937579272,1
2,free,15,Go,646,2826,244,726,34.4316364306293,888,33.9627122808798,887,33.3168253347616,0,24,0,807.14539724726,860.411072465865,972.103976067532,1317.47522736795,2.48513689246564,2.29666845384779,0,0,0,0,0,0,0,0,0,857.58546109977,1.13353597998374,1.53626115078772,1
2,simple,1,Go,571,2500,218,560,33.43600712469,765,32.3859876296799,762,28.7048079872826,0,0,0,866.738999070507,868.131445275474,873.415827195757,896.353833625742,111.866880274367,1.5927390737254,0,0,0,0,0,0,0,0,0,857.58546109977,1.01845922862975,1.04520642464747,1
2,simple,2,Go,621,2711,229,585,33.5410275643172,824,32.6059377906437,821,29.3045195623872,0,0,0,862.579582153675,867.269390258435,880.203245194028,839.142255370027,144.89586746796,2.07818126438498,0,0,0,0,0,0,0,0,0,857.58546109977,1.0263737961057,0.978494031713072,1
2,simple,3,Go,721,3052,170,568,33.8135395439547,905,32.5387193305192,902,28.5534693611096,0,0,0,861.442394637793,866.779999673205,885.229305282069,1040.07797677316,127.494417318745,1.82223925819964,0,0,0,0,0,0,0,0,0,857.58546109977,1.0322345065725,1.21279805214907,1
2,simple,4,Go,671,2878,196,534,32.9334225489544,853,32.0892399874326,851,30.3172841702234,0,0,0,861.360372461115,865.831555359832,883.321594704592,994.874699408883,99.8268201308866,2.06838712584121,0,0,0,0,0,0,0,0,0,857.58546109977,1.03000999290708,1.16008811312292,1
2,simple,5,Go,721,3100,218,588,33.0806669488599,922,32.2285345451981,920,30.4840715461498,0,0,0,946.291479263362,867.239866540422,918.05338117393,1130.31239729883,136.869182728613,2.43252679193179,0,0,0,0,0,0,0,0,0,857.58546109977,1.07050949767341,1.31801721061049,1
2,simple,6,Go,571,2502,220,574,33.4062495804811,769,32.1828423676423,767,30.0424440808396,0,0,0,863.064021938484,867.421587232939,886.775478353332,974.434100902478,252.015165493061,3.14123080645134,0,0,0,0,0,0,0,0,0,857.58546109977,1.03403744417044,1.13625305593784,1
2,simple,7,Go,671,2909,227,563,34.3041801663435,868,33.1251498861994,865,30.5256111161505,0,0,0,129.603946994118,867.090586295525,1032.97002252784,1025.68819194841,2.34312052308873,1.30456214881826,0,0,0,0,0,0,0,0,0,857.58546109977,1.20450971872022,1.19601863426307,1
2,simple,8,Go,571,2517,235,539,33.8428281072797,764,32.6320100058203,761,30.1667737827727,0,0,0,788.36229461673,867.130792263002,879.762714397365,1095.42610385088,3.03456194832144,2.76629262017941,0,0,0,0,0,0,0,0,0,857.58546109977,1.02586010876299,1.27733754073454,1
2,simple,9,Go,621,2730,248,558,33.6554807445912,822,32.6770955468925,819,28.7231071753569,0,0,0,549.46419130045,866.140708406863,879.576925682104,997.748179259229,1.79388880483203,2.03753078559356,0,0,0,0,0,0,0,0,0,857.58546109977,1.02564346712937,1.16343877609552,1
2,simple,10,Go,621,2682,200,542,34.1348941636039,806,33.0069270623276,803,29.1855979467593,0,0,0,842.592064624164,864.884297006723,879.483972487057,1104.18740720276,3.62593687837899,2.96064777030034,0,0,0,0,0,0,0,0,0,857.58546109977,1.02553507770433,1.2875537859361,1
2,simple,11,Go,721,3095,213,505,33.5427496299761,900,32.3912749290317,897,29.5159625509458,0,0,0,828.571913807221,865.244541184809,899.17928546929,1138.64029930282,2.48822939902784,-5.00198656556898,0,0,0,0,0,0,0,0,0,857.58546109977,1.0485010838642,1.32772808186677,1
2,simple,12,Go,571,2538,256,554,32.922414875918,773,31.5611711167109,769,26.6917335717514,0,0,0,373.437397621932,866.048633704413,927.855747658609,918.081035430239,2.54232329038692,1.86232527722156,0,0,0,0,0,0,0,0,0,857.58546109977,1.08193968968262,1.07054174432119,1
2,simple,13,Go,721,3085,203,591,33.6191044860867,919,32.6271848915968,916,29.8827868399811,0,0,0,825.295677400357,794.812471108015,874.159335763673,1042.7414396897,177.389254062514,-68.1494466016689,1,1,0,0,0,0,0,0,0,857.58546109977,NaN,NaN,1
2,simple,14,Go,671,2876,194,552,34.4756880852401,857,33.2512367736943,854,28.68868649596,0,0,0,411.639266826696,865.714928487654,889.77648797529,1153.54020395838,2.59898955349424,2.07147915762615,0,0,0,0,0,0,0,0,0,857.58546109977,1.03753681508807,1.34510233240087,1
2,simple,15,Go,621,2685,203,547,34.1661203230725,808,32.9159780737566,805,30.1685170618246,0,0,0,391.249687332468,869.016922987311,967.606268827922,1076.64160744393,2.91044063434782,2.01992650292632,0,0,0,0,0,0,0,0,0,857.58546109977,1.12829136304044,1.25543360548959,1
2,gonogo,1,Go,571,2547,265,549,34.176391244505,774,32.9240165959609,770,26.8395803050418,0,0,0,628.937617150833,864.895529548283,892.434596460375,1000.07318163413,2.52249286615655,-0.532629906727716,0,0,0,0,0,0,0,0,0,857.58546109977,1.04063634114776,1.16614987893059,1
2,gonogo,2,Go,671,2729,NaN,NaN,34.4367753199003,846,33.3580961906661,843,30.3381024674079,0,0,0,872.601544946555,854.791535493158,878.989318475901,1124.17831621352,2.74327135318843,2.28905369573055,0,0,0,1,0,0,0,0,0,857.58546109977,1.02495827920017,1.3108644761443,1
2,gonogo,3,NoGo,721,3086,204,330,1.21274776652454,854,0.729545556518531,848,0.697568750106424,0,0,0,872.460563056959,865.536138751023,925.491508494601,852.730261793383,117.989929428026,1.73147963740809,0,0,0,0,0,0,0,0,0,857.58546109977,1.07918283421893,0.994338524232721,0
2,gonogo,4,Go,671,2897,215,567,35.3516721246258,866,34.1384785781709,863,30.3592451934573,0,0,0,705.390838842196,865.125516801929,885.520753540937,1189.14932843428,3.93524720087878,2.12104838007488,0,0,0,0,0,0,0,0,0,857.58546109977,1.0325743540537,1.38662486991012,1
2,gonogo,5,Go,721,3103,221,505,34.6872545355031,902,33.4846274051548,900,31.1133105612769,0,0,0,883.420497360087,864.124707280004,898.227338564753,1272.23619404102,154.285076994922,2.6361426732848,0,0,0,0,0,0,0,0,0,857.58546109977,1.04739105233065,1.48350951800127,1
2,gonogo,6,Go,621,2695,213,585,34.5771075308911,820,33.4213461077027,818,30.8592739685329,0,0,0,477.629449794727,862.320032813469,868.18209576398,1054.92935637138,3.53617557769319,1.65070221905253,0,0,0,0,0,0,0,0,0,857.58546109977,1.01235635997213,1.2301157193343,1
2,gonogo,7,Go,621,2594,NaN,NaN,34.509672264466,793,33.2635531921625,790,30.4551247442985,0,0,0,869.816932737397,865.074846924364,859.115235537148,1231.84880333842,175.409314319672,0.760645345337435,0,0,0,1,0,0,0,0,0,857.58546109977,1.00178381573239,1.43641521366126,1
2,gonogo,8,NoGo,721,NaN,NaN,NaN,0.65445152802793,752,0.59015650035274,753,0.589198708804285,0,0,0,891.868910793191,863.20109231151,814.152068897397,618.300380387451,184.620281070454,2.27540190633998,0,0,0,0,0,0,0,0,0,857.58546109977,0.94935386130885,0.720978151372274,0
2,gonogo,9,Go,671,2898,216,542,34.8196775463694,860,33.8817864702281,858,31.63467738748,0,0,0,640.121979927658,864.717252175,910.146308539939,1159.83298634809,2.8277352391212,2.16783097512516,0,0,0,0,0,0,0,0,0,857.58546109977,1.06128934062474,1.35244012283128,1
2,gonogo,10,NoGo,671,2860,178,340,0.722387188695576,800,0.646571440054963,809,0.614817052274737,0,0,0,817.161675650509,865.017562364097,894.175034329197,670.433028375755,3.54368598331535,1.15677774424631,0,0,0,0,0,0,0,0,0,857.58546109977,1.04266580403836,0.781768183798254,0
2,gonogo,11,Go,571,2526,244,554,34.3031435962656,770,33.0371230273725,767,30.5840879920601,0,0,0,783.870886264895,863.159571143218,892.699987796625,1208.12443953438,3.06702720945557,0.820687372371154,0,0,0,0,0,0,0,0,0,857.58546109977,1.04094580457535,1.40875107419041,1
2,gonogo,12,NoGo,621,2677,195,2323,3.69114377258007,1250,0.886768612522765,1250,0.886768612522765,0,0,0,836.557064858682,864.252021775015,874.353830565915,761.848000597001,3.27410898297161,2.11487932731693,0,0,0,0,0,0,0,0,0,857.58546109977,1.01955300110224,0.888363941734746,0
2,gonogo,13,Go,571,2508,226,532,34.9484320224182,760,33.6434725151584,757,30.5770153411762,0,175,0,6.49072435506287,862.491379752983,965.401142418322,1304.60286310993,2.68176053469359,1.54705493853588,0,0,0,0,0,0,0,0,0,857.58546109977,1.12572004331824,1.52125114322356,1
2,gonogo,14,Go,571,2483,201,557,35.1125998242521,760,33.3371443991572,756,29.0576751703185,0,22,0,433.211482777828,862.350524453555,862.8275469241,1085.48869064817,2.2836799311872,1.52986089743521,0,0,0,0,0,0,0,0,0,857.58546109977,1.00611261041857,1.26574987553559,1
2,gonogo,15,NoGo,721,NaN,NaN,NaN,7.03012488305808,1250,6.29327155867054,1250,6.29327155867054,0,0,0,835.676667236131,864.471732510517,776.321667555412,881.352826826866,3.31977707893782,2.65801267948626,0,0,0,0,0,0,0,0,0,857.58546109977,0.905241171602717,1.02771428248867,0
2,gostop,1,Stop,621,2688,206,528,4.13209034943186,804,0.745577925640631,1250,-2.42379663306945,0,0,0,450.671566418135,416.059396682493,876.57959842047,562.939912114424,235.443489669894,-443.211354839015,1,1,0,0,0,0,0,0,0,857.58546109977,NaN,NaN,0
2,gostop,2,Go,621,2722,240,626,34.296865716255,837,33.2674938090214,835,31.9121701885641,0,75,0,-2.08207765606812,414.651293022579,921.577367318288,849.041117373582,2.8686037676866,-443.77112564446,1,1,0,0,0,0,0,0,1,857.58546109977,NaN,NaN,1
2,gostop,3,Go,571,2674,392,550,34.6388149060976,806,33.7839300837779,806,33.7839300837779,0,69,0,401.754050039349,862.331682540044,926.04274115303,1198.8209095947,2.92629931009364,2.55137128583614,0,0,0,0,0,0,0,0,0,857.58546109977,1.07982560707766,1.39790255778979,1
2,gostop,4,Stop,571,2581,299,479,3.6178461767797,765,0.920307478049089,1231,-1.88607681566273,0,0,0,877.570415716251,861.704287324615,869.682964793363,749.631907632326,96.4855539237057,1.37877235861461,0,0,0,0,0,0,0,0,0,857.58546109977,1.01410647013311,0.874119188857278,0
2,gostop,5,Go,621,2574,NaN,NaN,33.2296304277035,814,32.1223658488835,812,30.7416847640768,1,94,31,248.919042686261,861.390087958815,868.633238212416,1011.16424226539,2.7826042087499,0.0153095058253032,0,0,0,1,1,0,0,0,0,857.58546109977,1.01288242118573,1.17908277149274,1
2,gostop,6,Go,671,2951,269,509,34.6010027343001,865,33.3138570110013,864,32.5056711448042,0,17,0,473.455332396273,861.076912962604,906.778916240102,1340.87908485821,2.78797828492542,1.70255998496912,0,0,0,0,0,0,0,0,0,857.58546109977,1.05736274385674,1.56355155920981,1
2,gostop,7,Stop,671,NaN,NaN,NaN,1.80245783376199,805,0.699221425248274,755,-0.797144301002362,0,0,0,860.33495442278,860.828155467743,855.913943527446,782.291877396969,139.678021453164,2.19715494847117,0,0,0,0,0,0,0,0,0,857.58546109977,0.998050902623535,0.912202821621715,0
2,gostop,8,Go,721,3075,193,625,34.7683692093,925,33.6866510154274,924,32.8936589854784,0,0,0,853.42092209591,861.705210057742,865.602175626281,1192.62860198848,123.262571198537,2.48899393996768,0,0,0,0,0,0,0,0,0,857.58546109977,1.00934800657212,1.39068192744202,1
2,gostop,9,Go,671,2884,202,584,33.6899512340086,867,32.4336512374721,864,30.0433831006203,0,28,0,481.072120031051,859.282964530665,910.209774036297,1260.56997615072,2.69538099397093,2.19857076685565,0,0,0,0,0,0,0,0,0,857.58546109977,1.06136334548984,1.46990595495189,1
2,gostop,10,Stop,721,3050,168,550,1.76718630778816,900,0.462646628114183,843,-1.41143139516314,0,0,0,861.584006756124,857.870882978837,868.276501823718,779.139088142526,200.704373709176,1.56764794237293,0,0,0,0,0,0,0,0,0,857.58546109977,1.01246644353117,0.908526465856075,0
2,gostop,11,Go,721,3072,190,608,34.2315583015247,920,33.0754190105025,919,32.5271206318223,1,30,1,791.892807536862,862.65656010748,892.09287832612,1182.91723669819,3.33963670935917,1.96593266147841,0,0,0,0,1,0,0,0,0,857.58546109977,1.04023787574721,1.37935784869908,1
2,gostop,12,Stop,571,2506,224,574,14.5654548496552,770,9.19361114008547,781,3.53168863852751,0,0,0,7.80847295155351,860.659815764157,866.940742036492,1151.08936044488,3.55349150536646,2.36650034294273,0,0,0,0,0,0,0,0,0,857.58546109977,1.01090886140342,1.34224449067586,0
2,gostop,13,Go,621,2700,218,612,35.8634343991242,828,32.9206795078824,825,29.2788705153843,0,91,0,383.318485901534,858.919960049722,876.358132098358,1116.77303304712,2.75599895416098,1.31105663173243,0,0,0,0,0,0,0,0,0,857.58546109977,1.02189014605555,1.30222943800256,1
2,gostop,14,Go,721,3124,242,584,34.0636358621139,927,32.908221570013,925,31.2198375693607,1,47,18,747.758488314646,858.846396330631,897.415997372232,1200.72129083618,3.29772271403433,1.81287547327968,0,0,0,0,1,0,0,0,0,857.58546109977,1.04644497613262,1.40011852497636,1
2,gostop,15,Go,671,2851,169,673,33.63565329342,881,32.0910186292239,878,28.8305727239329,0,20,0,643.883829573693,860.344633634945,896.94477002257,998.531617374999,2.68644075190739,1.53265022159746,0,0,0,0,0,0,0,0,0,857.58546109977,1.04589549462782,1.16435231550507,1
3,free,1,Go,646,3099,517,553,31.3062352149191,913,30.4244292937891,909,8.28417466866799,1,12,12,595.705699118394,366.073077463925,592.889226720764,843.217223623542,2.79627131414379,1.93692380100231,0,0,0,0,1,0,0,0,0,593.175854588171,0.999516791074367,1.42152991747948,1
3,free,2,Go,646,2752,170,664,31.2900498790105,854,30.5051984693174,851,28.0401332109143,0,6,0,285.112074104865,470.887192938188,587.233517124847,828.693735426211,2.92000107181274,1.96304053799647,0,0,0,0,0,0,0,0,0,593.175854588171,0.989982165630377,1.39704562991957,1
3,free,3,Go,646,2840,258,NaN,NaN,902,NaN,894,-17.4027711711013,1,33,33,593.425926149422,486.443697164766,591.240640078862,819.555922890918,47.2679818355362,2.3020840082637,0,0,0,0,0,0,0,0,0,593.175854588171,0.996737536610198,1.38164073360659,1
3,free,4,Go,646,2821,239,NaN,NaN,903,NaN,928,3.86534807481861,1,24,24,599.124936364201,446.854104610758,595.550322100011,835.792963072931,49.4275918777837,2.03759975247102,0,0,0,0,0,0,0,0,0,593.175854588171,1.00400297398061,1.40901379684985,1
3,free,5,Go,646,2900,318,672,31.5087362354224,893,31.0883987465944,892,30.9206762369516,0,10,0,590.577282399305,464.944791062601,600.196309884847,909.083153602346,3.716535622091,2.19983246743058,0,0,0,0,0,0,0,0,0,593.175854588171,1.01183536929626,1.53256938321184,1
3,free,6,Go,646,NaN,NaN,NaN,NaN,859,NaN,894,-5.92725402608035,1,35,35,599.872038407594,460.773744110482,587.24204987804,892.939604128459,67.1533583380576,1.90400354156156,0,0,1,0,0,0,0,0,0,593.175854588171,NaN,NaN,1
3,free,7,Go,646,2843,261,NaN,NaN,899,NaN,891,-18.9732319208115,1,34,34,594.708071707168,448.354838931498,593.010797069977,822.754189475279,50.6125728439063,1.18909280430685,0,0,0,0,0,0,0,0,0,593.175854588171,0.99972173931741,1.38703250159516,1
3,free,8,Go,646,2811,229,NaN,NaN,851,NaN,879,1.79123834095609,1,27,27,590.819317950857,453.981747545241,593.422229873081,807.051478642825,64.2744321806743,1.79147561658087,0,0,0,0,0,0,0,0,0,593.175854588171,1.00041534948364,1.36056023251847,1
3,free,9,Go,646,2767,185,657,30.6097692953791,856,26.8579576727346,857,25.3107299945617,1,22,22,605.284281345629,460.526714491321,598.928258610133,765.760239393287,3.50881930466138,1.58219783881758,0,0,0,0,1,0,0,0,0,593.175854588171,1.00969763684322,1.29094978069351,1
3,free,10,Go,646,2762,180,NaN,NaN,889,NaN,881,-17.3001859896282,1,38,38,610.540070735565,426.330930451967,584.987389314219,826.387116531081,54.1870440143109,1.79744517182092,0,0,0,0,0,0,0,0,0,593.175854588171,0.98619555194195,1.39315703789869,1
3,free,11,Go,646,2823,241,NaN,NaN,865,NaN,865,34.0532301509189,1,20,20,620.362137063657,455.806479858806,606.666451411946,864.1054372828,30.2830718413505,1.96161155011166,0,0,0,0,0,0,0,0,0,593.175854588171,1.02274299724007,1.45674411828973,1
3,free,12,Go,646,2882,300,614,31.5723835363758,874,31.1408780863747,873,30.521600191687,0,2,0,592.930858111976,443.786708587604,587.881385909917,838.149893669405,65.7331259849778,2.07083766557823,0,0,0,0,0,0,0,0,0,593.175854588171,0.991074369198778,1.41298720638471,1
3,free,13,Go,646,2673,NaN,NaN,31.1925373430794,869,30.6926344092706,868,30.4401305722039,0,3,0,591.988011554306,452.898235755273,588.00880827125,892.125738640273,56.4166100549218,2.32906866883924,0,0,0,1,0,0,0,0,0,593.175854588171,0.99128918300205,1.50398188284258,1
3,free,14,Go,646,2684,NaN,NaN,31.5655963561205,878,31.0678155984226,877,31.0476707705771,0,3,0,588.729638126938,456.84864742587,608.123361511549,891.54465542618,78.7437992261264,2.03364782877438,0,0,0,1,0,0,0,0,0,593.175854588171,1.02519911558733,1.50300226910814,1
3,free,15,Go,646,2888,306,NaN,NaN,887,NaN,890,0.42331018695679,1,40,40,593.6073335686,431.343117419669,603.434917110402,932.36947681938,60.5303866041918,0.803736659499447,0,0,0,0,0,0,0,0,0,593.175854588171,1.01729514517976,1.57182641472604,1
3,simple,1,Go,571,2704,422,544,30.513018090437,812,29.798868008572,809,27.3626260571443,1,14,14,623.301498810322,478.946515084466,637.975894036679,687.357616075244,1.97626773170894,0.975350470951231,0,0,0,0,1,0,0,0,0,593.175854588171,1.07552573002084,1.15877544704253,1
3,simple,2,Go,721,NaN,NaN,NaN,NaN,872,NaN,908,-3.42901589598069,1,36,52,544.755599673677,466.795177612053,527.789952826928,679.082948289061,35.1219888784999,-45.6453843602671,0,0,1,0,0,0,0,0,0,593.175854588171,NaN,NaN,1
3,simple,3,Go,671,2906,224,NaN,NaN,853,NaN,853,32.7487991441699,1,21,21,593.175854588171,574.189451448556,595.387029111989,777.76937001036,38.6433564133265,-15.0187430939886,0,0,0,0,0,0,0,0,0,593.175854588171,1.0037276880148,1.31119526190146,1
3,simple,4,Go,671,2847,165,565,30.1138096000647,853,27.1009005384427,854,25.762104725752,1,24,20,108.326534465661,37.0626337467717,121.567343131847,755.494314561222,-443.48465793581,2.51797706213891,1,1,0,0,1,0,0,0,1,593.175854588171,NaN,NaN,1
3,simple,5,Go,721,3067,185,617,30.618385759074,921,30.0657888706617,922,29.9453227359726,0,8,0,84.9006114997438,-16.9736130443188,89.2980151062079,753.639952639995,-469.786459799475,2.07322592117132,1,1,0,0,0,0,0,0,1,593.175854588171,NaN,NaN,1
3,simple,6,Go,571,2554,272,NaN,NaN,832,NaN,824,-17.8023626910802,1,35,35,215.663162048301,80.5272511430802,228.63755008544,766.002858481802,-341.713025227897,2.07769149630562,1,1,0,0,0,0,0,0,1,593.175854588171,NaN,NaN,1
3,simple,7,Go,671,2812,NaN,NaN,30.9980672485681,827,30.5254487181195,826,30.2899583706158,0,8,0,593.417104992637,485.796326655072,600.529859490565,803.191839444479,49.2341544281167,1.43265606603301,0,0,0,1,0,0,0,0,0,593.175854588171,1.01239768079822,1.35405349565706,1
3,simple,8,Go,571,2468,186,712,31.130384387784,795,30.8658553263195,795,30.8658553263195,1,43,16,0.728679291375107,19.1753068996706,195.267283129766,727.320171970082,-400.511610261069,-32.0626653633814,1,1,0,0,1,0,0,0,1,593.175854588171,NaN,NaN,1
3,simple,9,Go,621,2637,155,587,31.1293747106526,806,30.8932568212618,805,30.7359951591187,0,23,0,563.708124324403,452.936889631983,597.018998228375,781.99934922403,3.61901060257443,0.829408214566845,0,0,0,0,0,0,0,0,0,593.175854588171,1.00647892797807,1.31832633303484,1
3,simple,10,Go,621,2668,186,560,30.8952998722668,807,29.7269617135203,807,29.7269617135203,1,24,24,262.479760008496,205.169544477916,271.284194049175,781.126439747437,-280.919863458535,1.91900920413815,1,1,0,0,1,0,0,0,0,593.175854588171,NaN,NaN,1
3,simple,11,Go,721,NaN,NaN,NaN,NaN,868,NaN,868,30.4533094025665,1,37,60,597.216859441658,478.081922126038,511.384812203015,754.633133221229,45.9631629029283,0.0246859751923832,0,0,1,0,0,0,0,0,0,593.175854588171,NaN,NaN,1
3,simple,12,Go,571,2765,483,NaN,NaN,844,NaN,834,-19.306350341964,1,29,29,383.69716485679,231.872135163808,389.87619396646,812.995395377348,-165.349352377379,2.2988895784903,1,1,0,0,0,0,0,0,1,593.175854588171,NaN,NaN,1
3,simple,13,Go,721,3047,165,585,31.1793364861759,908,30.6306261331547,907,30.0100107242459,1,14,14,590.680685730004,488.070175805997,588.747162203457,812.0746461138,43.1754774222091,2.43970231517328,0,0,0,0,1,0,0,0,0,593.175854588171,0.992533930114555,1.36902849270156,1
3,simple,14,Go,671,2871,189,681,30.3985118545861,888,29.9734111913482,887,29.8957573971189,0,3,0,584.471817395263,458.218411523761,586.792986759433,775.514439689634,40.2501478432114,1.92081593972464,0,0,0,0,0,0,0,0,0,593.175854588171,0.989239501609233,1.30739380858322,1
3,simple,15,Go,621,NaN,NaN,NaN,NaN,840,NaN,840,30.9490716680691,1,23,17,596.192854290662,467.128722331051,582.109429086059,803.344070430105,48.8636045367571,1.94200665921213,0,0,1,0,0,0,0,0,0,593.175854588171,NaN,NaN,1
3,gonogo,1,Go,721,NaN,NaN,NaN,NaN,871,NaN,866,23.1054348814687,1,34,5,7.50879880962508,463.850609849769,535.184996348141,744.452944757428,2.72780503674699,2.06599268268315,0,0,1,0,0,0,0,0,0,593.175854588171,NaN,NaN,1
3,gonogo,2,Go,671,2868,186,580,30.7560267640401,862,30.4667278349035,862,30.4667278349035,0,4,0,594.093970377501,465.663739284217,597.20702093724,851.129008218825,49.1143017970454,2.24932245274384,0,0,0,0,0,0,0,0,0,593.175854588171,1.00679590431385,1.43486792598756,1
3,gonogo,3,NoGo,571,2617,335,223,1.22777730560569,710,0.996389023144216,709,0.996282871422199,0,0,0,605.413848021914,442.063462225946,595.633604577684,426.922954352651,194.181530571104,1.60703869534087,0,0,0,0,0,0,0,0,0,593.175854588171,1.00414337497136,0.719724093707514,0
3,gonogo,4,Go,621,2656,174,NaN,NaN,841,NaN,833,-15.3128847330408,1,29,29,592.121360025254,442.979262143558,585.590718646582,764.26271457446,54.2732423581841,1.21678164471042,0,0,0,0,0,0,0,0,0,593.175854588171,0.987212669088065,1.28842519239943,1
3,gonogo,5,NoGo,721,NaN,NaN,NaN,0.81170361416561,758,0.778620586547443,765,0.777166994515049,0,0,0,591.295128493695,455.653311385051,570.061766225693,527.119094439513,139.061670814983,1.66596458020154,0,0,0,0,0,0,0,0,0,593.175854588171,0.961033329014167,0.888638824999849,0
3,gonogo,6,Go,621,2643,161,681,30.6369646868855,831,30.2001539699264,830,30.1028360231128,0,8,0,579.311940980326,447.202247931386,594.850755147665,748.567318740044,62.630355711252,2.5486512080315,0,0,0,0,0,0,0,0,0,593.175854588171,1.00282361553752,1.26196525524418,1
3,gonogo,7,Go,621,2643,161,625,31.7841750441536,817,31.4635643157808,817,31.4635643157808,1,25,25,595.743634640339,439.676370475168,590.919281302936,828.990242919247,46.1700461211547,1.74481262538275,0,0,0,0,1,0,0,0,0,593.175854588171,0.996195776905313,1.39754549432022,1
3,gonogo,8,Go,671,2848,166,556,31.4817339483654,851,30.9300130232627,850,30.5263488004962,0,0,0,594.504753441719,463.792843809843,633.034976788288,821.976619619782,56.6617975015443,1.53858124211783,0,0,0,0,0,0,0,0,0,593.175854588171,1.06719613061086,1.38572164268295,1
3,gonogo,9,NoGo,721,NaN,NaN,NaN,1.09379782483412,804,0.994587702645613,803,0.994179656563843,0,0,0,590.920357295437,466.796758110117,580.658588243719,459.489832948971,184.231356566247,1.42560918783492,0,0,0,0,0,0,0,0,0,593.175854588171,0.978897882899933,0.774626663231235,0
3,gonogo,10,Go,671,2843,161,609,30.1245192209455,863,29.663200371459,863,29.663200371459,0,0,0,595.209403590531,443.172008635304,597.245095891367,755.598378850247,61.9832945526931,2.22987740001215,0,0,0,0,0,0,0,0,0,593.175854588171,1.0068600926213,1.27381850256674,1
3,gonogo,11,Go,571,2549,267,727,30.6369667888819,819,30.445547112715,820,30.1806930833567,0,0,0,605.683042124905,423.543421684622,584.26072368616,771.829091307213,3.43757707840981,1.89178082280458,0,0,0,0,0,0,0,0,0,593.175854588171,0.984970509448332,1.30118089827354,1
3,gonogo,12,Go,571,2530,248,NaN,NaN,796,NaN,796,39.8452253989246,1,17,17,596.29475502393,421.334309883893,592.192328973936,778.677199129513,66.8763329232138,1.66213469256548,0,0,0,0,0,0,0,0,0,593.175854588171,0.998341932486585,1.31272571718236,1
3,gonogo,13,NoGo,671,2840,158,NaN,NaN,1100,NaN,1250,-3.70252941754649,1,12,24,619.387376515095,456.317229512862,596.432215155026,657.7397923375,95.8995326201869,2.25367410595146,0,0,0,0,0,0,0,0,0,593.175854588171,1.00548970518889,1.10884451423626,0
3,gonogo,14,Go,721,NaN,NaN,NaN,NaN,884,NaN,883,29.562558369081,0,3,0,590.902327934888,476.300934918749,502.545752217119,791.983970685602,59.365089775919,1.11351110690182,0,0,1,0,0,0,0,0,0,593.175854588171,NaN,NaN,1
3,gonogo,15,NoGo,571,2565,283,2435,4.7854566888095,1250,1.27404768667293,713,1.0658951762462,0,6,0,449.609925018888,416.720108035088,598.730450024101,650.329527147175,98.3685283589305,1.66805600341917,0,0,0,0,0,0,0,0,0,593.175854588171,1.00936416307738,1.09635198755466,0
3,gostop,1,Go,621,2987,505,601,30.1544379600819,897,29.7182272430335,893,25.5580995689188,0,1,0,597.421938490935,399.019527043201,607.874882348699,782.717626048187,63.2652317022016,2.35781826625397,0,0,0,0,0,0,0,0,0,593.175854588171,1.02478021930062,1.31953723334139,1
3,gostop,2,Go,571,2543,261,637,30.9375013826876,795,30.7075996877357,795,30.7075996877357,0,9,0,580.365324434852,443.477036490492,607.339456324327,803.485905283577,46.8865388544872,1.72030665066798,0,0,0,0,0,0,0,0,0,593.175854588171,1.02387757631502,1.35454924381813,1
3,gostop,3,Stop,671,NaN,NaN,NaN,NaN,833,NaN,831,28.1246405811176,1,31,31,588.352915357914,490.426558180977,575.610676559498,746.67805868938,40.6033972202436,2.37398277660719,0,0,0,0,0,0,0,0,0,593.175854588171,0.970387907914985,1.25878026375127,0
3,gostop,4,Go,671,NaN,NaN,NaN,NaN,866,NaN,858,-18.8273519449107,1,40,69,468.107516857147,467.101532368654,540.683493358261,700.428748966973,3.24054715423728,1.58748275953389,0,0,1,0,0,0,0,0,0,593.175854588171,NaN,NaN,1
3,gostop,5,Stop,671,2846,164,1030,1.35072186288597,969,0.910597722694501,768,-1.2570884746649,0,0,0,451.632666566452,422.027202203422,560.772900002089,618.734121011503,65.4542251575214,-9.56644217769133,0,0,0,0,0,0,0,0,0,593.175854588171,0.945373780245019,1.04308716584743,0
3,gostop,6,Go,571,NaN,NaN,NaN,NaN,812,NaN,804,-12.7733378462201,1,25,25,608.78417561055,446.902113920993,597.827246170883,816.65995136048,70.3692734536591,2.00215454397536,0,0,1,0,0,0,0,0,0,593.175854588171,NaN,NaN,1
3,gostop,7,Stop,621,2792,310,NaN,NaN,1071,NaN,763,-0.839678877420034,1,66,20,269.04917241926,448.180873749849,590.987496745443,648.135247101759,3.23686189762899,2.16147661578877,0,0,0,0,0,0,0,0,0,593.175854588171,0.996310777274898,1.09265278093921,0
3,gostop,8,Go,721,NaN,NaN,NaN,NaN,927,NaN,928,29.4197388862474,1,66,12,589.282657093611,478.567964060939,608.375986721989,822.237355126338,63.4997315822608,2.13216136781953,0,0,1,0,0,0,0,0,0,593.175854588171,NaN,NaN,1
3,gostop,9,Go,571,NaN,NaN,NaN,NaN,811,NaN,811,30.9683189327683,1,156,30,252.070801787697,448.812991903404,598.546903248972,732.001241150783,2.68368933067301,0.892766242136189,0,0,1,0,0,0,0,0,0,593.175854588171,NaN,NaN,1
3,gostop,10,Go,671,2944,262,592,30.794919815227,884,30.2631433288343,883,30.2220654701045,0,0,0,592.908953543604,436.442811327782,604.016789777072,831.548182225698,62.3735903803773,1.41467043628176,0,0,0,0,0,0,0,0,0,593.175854588171,1.01827608980549,1.40185777252013,1
3,gostop,11,Go,571,2495,213,NaN,NaN,819,NaN,811,-18.101033158091,1,32,32,293.45307804016,429.55198864828,597.232468810507,775.172287201205,3.50314615413388,1.93099121412804,0,0,0,0,0,0,0,0,0,593.175854588171,1.00683880537442,1.30681699399142,1
3,gostop,12,Go,621,2687,205,NaN,NaN,837,NaN,835,29.6809566265386,1,19,19,591.396048686852,455.583311028702,590.277235866064,804.301756183474,65.7035795285032,1.41376048780836,0,0,0,0,0,0,0,0,0,593.175854588171,0.995113390574336,1.35592463847316,1
3,gostop,13,Stop,721,3185,303,603,1.5994238783126,947,0.881297244369791,852,-1.42793283112913,0,0,0,576.589234798311,486.844700824242,597.388968434415,676.27273342388,97.2570675484288,1.54392035514745,0,0,0,0,0,0,0,0,0,593.175854588171,1.00710263881049,1.14008810067531,0
3,gostop,14,Go,621,2781,299,NaN,NaN,1223,NaN,857,-6.82802210273528,1,29,29,594.650257621522,449.800736544954,607.131927667833,881.20388138674,58.6525538958382,1.99674592763942,0,0,0,0,0,0,0,0,0,593.175854588171,1.02352771605876,1.48556937132672,1
3,gostop,15,Stop,721,3173,291,303,1.28307293816415,869,1.16058523393249,870,1.1603171731154,0,0,0,570.955121787492,469.132781555837,596.056071374006,509.118496314907,141.181274315504,0.165684169955484,0,0,0,0,0,0,0,0,0,593.175854588171,1.00485558669247,0.858292683993985,0
4,free,1,Go,646,3189,607,667,29.8474046799964,964,20.7280928682501,955,-24.2831951072449,1,17,17,701.537657246325,711.083153506117,750.941928064868,1050.80977657441,58.723816335056,-1.15236796285589,0,0,0,0,1,0,0,0,0,709.072892668003,1.05904757582726,1.48194887639911,1
4,free,2,Go,646,2965,383,699,30.8272623249907,916,28.0683172166933,917,26.368646966117,1,18,34,702.17564135754,709.238321962343,739.593470179123,962.816249812676,3.80519734927873,-0.564951122037884,0,0,0,0,1,0,0,0,0,709.072892668003,1.043042933705,1.357852288204,1
4,free,3,Go,646,2941,359,NaN,NaN,920,NaN,921,21.7728308429588,1,158,86,719.491277308191,710.402071766417,723.474028301529,1066.04871025047,117.307239374332,0.461824295693688,0,0,0,0,0,0,0,0,0,709.072892668003,1.02030980986925,1.50344022634864,1
4,free,4,Go,646,2745,163,775,33.2989089054605,880,31.715570894073,875,23.1135386930606,1,133,29,722.982525723298,709.227664464052,729.708236983177,1072.98168627698,109.781687159526,0.275095056597012,0,0,0,0,1,0,0,0,0,709.072892668003,1.02910186601201,1.51321774865727,1
4,free,5,Go,646,2938,356,NaN,NaN,927,NaN,913,-46.3348619662264,1,22,11,709.566632109922,709.777320141387,723.302495045805,1152.070544175,122.320879931512,-0.385771589109262,0,0,0,0,0,0,0,0,0,709.072892668003,1.02006789784935,1.62475615143056,1
4,free,6,Go,646,2967,385,NaN,NaN,914,NaN,914,32.340607503409,1,117,37,708.929027075006,710.159832250807,733.150981303059,1031.86981153256,73.3126471959584,-1.40053589452094,0,0,0,0,0,0,0,0,0,709.072892668003,1.03395714161975,1.4552379906246,1
4,free,7,Go,646,2832,250,740,30.9698383229606,893,25.4149694341838,877,-16.5070714851208,1,11,11,708.004386409596,710.36166120232,714.501731453186,1179.24508370063,100.279336305906,-1.58798182974143,0,0,0,0,1,0,0,0,0,709.072892668003,1.00765624922532,1.66308019372103,1
4,free,8,Go,646,3059,477,NaN,NaN,973,NaN,943,-25.1365501150766,1,24,24,700.010355638492,709.913658891899,748.965509297357,1021.42496600706,121.041687689644,0.939782751962251,0,0,0,0,0,0,0,0,0,709.072892668003,1.05626024777122,1.44050770600435,1
4,free,9,Go,646,2868,286,768,34.3033212275788,909,32.5269410992056,905,26.2793165088391,0,0,0,713.246810077532,708.420285627764,733.981011357686,1096.45915970347,95.8982607815904,-2.61370439907909,0,0,0,0,0,0,0,0,0,709.072892668003,1.03512772656696,1.54632784730758,1
4,free,10,Go,646,2833,251,747,34.2489707974469,895,32.6899406862321,891,25.3909331223325,0,3,0,706.787761900565,709.769737907478,760.695417014187,1034.40943043003,2.77788727631306,-0.215725158930098,0,0,0,0,0,0,0,0,0,709.072892668003,1.07280284563121,1.45881959545498,1
4,free,11,Go,646,3002,420,NaN,NaN,902,NaN,903,17.6539095528856,1,32,32,651.178906694345,708.874320472061,743.411496145493,1058.58066982246,3.22692365772236,-1.68726852719765,0,0,0,0,0,0,0,0,0,709.072892668003,1.04842746610759,1.49290810686525,1
4,free,12,Go,646,2816,234,NaN,NaN,896,NaN,896,32.6861429304415,1,113,35,713.31297901186,710.017228722276,752.465968450071,1044.70207413141,129.777446952594,0.119615552632437,0,0,0,0,0,0,0,0,0,709.072892668003,1.06119691815998,1.47333523102335,1
4,free,13,Go,646,2863,281,NaN,NaN,916,NaN,1064,-11.8955892152476,1,42,42,62.6785706016404,710.782276315023,727.601898019054,1123.02720609359,3.58205632418537,0.276087485442334,0,0,0,0,0,0,0,0,0,709.072892668003,1.02613131251053,1.58379655703381,1
4,free,14,Go,646,2800,218,628,31.7571993578993,857,30.0632091380495,858,28.8338863794757,1,20,46,294.559533767667,709.71978979235,729.910920405904,1060.58717364201,3.21501145244207,-0.902474370485799,0,0,0,0,1,0,0,0,0,709.072892668003,1.0293877088708,1.4957378636368,1
4,free,15,Go,646,2893,311,NaN,NaN,891,NaN,892,28.4625114748668,1,28,28,678.30899452575,708.973778762531,715.774695366925,1063.77059066509,117.497698548106,0.601907902324345,0,0,0,0,0,0,0,0,0,709.072892668003,1.00945150035803,1.50022741196957,1
4,simple,1,Go,671,2846,164,NaN,NaN,835,NaN,830,23.4382315007628,1,13,13,708.464824192717,708.797496863974,742.270780043625,1026.20157763673,107.221473344366,-2.58182103229482,0,0,0,0,0,0,0,0,0,709.072892668003,1.04681872303806,1.44724412433182,1
4,simple,2,Go,621,2649,167,NaN,NaN,792,NaN,787,5.5562376874653,0,9,0,708.372988807689,708.405351906025,721.536876972763,1064.70635614759,103.085378007504,-3.46516298017927,0,0,0,0,0,0,1,0,0,709.072892668003,1.01757786037746,1.50154711477047,1
4,simple,3,Go,721,2910,NaN,NaN,NaN,851,NaN,852,9.61303045855777,1,124,135,709.73459636328,709.201261423096,733.096541784787,1087.58842974358,86.2625897804563,-4.83453256628011,0,0,0,1,0,0,0,0,0,709.072892668003,1.03388036598944,1.53381752565855,1
4,simple,4,Go,571,2516,234,NaN,NaN,800,NaN,780,-23.5513934756196,1,76,12,19.9440291605811,709.488296441712,718.030446402125,1047.47812594754,3.32538700638348,-2.12819925176987,0,0,0,0,0,0,0,0,0,709.072892668003,1.01263276854431,1.47725027536483,1
4,simple,5,Go,671,2857,175,NaN,NaN,833,NaN,833,32.3599850995293,1,139,76,7.03380063175485,709.798696336604,717.865934735547,981.99485021113,2.92763398483515,-1.73339758045902,0,0,0,0,0,0,0,0,0,709.072892668003,1.01240075901711,1.38489971957074,1
4,simple,6,Go,671,2833,151,NaN,NaN,820,NaN,821,23.91250927643,1,27,27,18.1537204477229,709.196649953464,741.62145008806,968.890236939291,3.3629200587583,-3.89895432864739,0,0,0,0,0,0,0,0,0,709.072892668003,1.04590297803881,1.36641838513059,1
4,simple,7,Go,721,NaN,NaN,NaN,NaN,889,NaN,883,18.3554494672807,1,13,11,384.172792063001,707.602362774191,653.453960364253,854.426307789389,2.907304294638,-0.670013381177002,0,0,1,0,0,0,0,0,0,709.072892668003,NaN,NaN,1
4,simple,8,Go,621,2666,184,550,31.1341499896519,804,29.5480079511726,805,28.8363646827877,1,23,23,707.304525225687,710.22265104428,720.512095545531,965.497958001561,3.75332917570942,-0.65343911797054,0,0,0,0,1,0,0,0,0,709.072892668003,1.01613261908023,1.36163428045982,1
4,simple,9,Go,571,2469,187,615,34.1831549486589,771,26.1635199651898,769,21.0510984778615,1,194,81,710.528867938285,708.332619094125,716.108272059417,993.977656367925,3.13682007813382,-0.432982818965849,0,0,0,0,1,0,0,0,0,709.072892668003,1.00992194097978,1.40179897813879,1
4,simple,10,Go,721,3051,169,NaN,NaN,923,NaN,915,-25.2712784384044,1,31,31,724.222620172126,709.889035025529,736.111511374097,1042.0438043607,113.372883178048,-2.20407022500912,0,0,0,0,0,0,0,0,0,709.072892668003,1.03813235421306,1.46958629378686,1
4,simple,11,Go,621,2666,184,NaN,NaN,798,NaN,799,21.7796258152337,1,113,120,708.00074250316,709.151372967654,752.4084915796,1076.01966920437,74.4947265585438,-0.399137717361728,0,0,0,0,0,0,0,0,0,709.072892668003,1.06111585897543,1.51750219241306,1
4,simple,12,Go,571,2440,158,NaN,NaN,768,NaN,769,18.9250941198216,1,37,46,33.7638847017955,709.074339695703,720.555236035334,956.886656092065,3.52179443517869,-1.04364509659347,0,0,0,0,0,0,0,0,0,709.072892668003,1.01619345977834,1.34948982817778,1
4,simple,13,Go,621,2656,174,556,28.7056325625573,803,24.8976962853949,804,23.7010372958549,1,53,33,719.183850368134,709.79381477155,712.685531615294,983.816904436834,90.7501658823009,1.17466463073644,0,0,0,0,1,0,0,0,0,709.072892668003,1.00509487668284,1.38746934851093,1
4,simple,14,Go,721,3055,173,533,30.3316594490547,897,29.1777523558988,897,29.1777523558988,1,54,84,707.423463620311,709.466968701142,724.612945635233,1025.24933038047,93.8149288653653,-0.653603048912611,0,0,0,0,1,0,0,0,0,709.072892668003,1.02191601614999,1.44590117741323,1
4,simple,15,Go,671,2877,195,NaN,NaN,835,NaN,833,26.1759870450694,1,32,32,226.995227986195,709.560133470421,728.767650760358,1064.02686546984,3.31115489891517,-0.817295092151011,0,0,0,0,0,0,0,0,0,709.072892668003,1.02777536455843,1.50058883433868,1
4,gonogo,1,Go,721,3085,203,539,32.9047654978437,906,31.369661001883,902,25.9559219062868,0,0,0,652.536161089367,710.436876948205,726.215018604989,1003.78880193388,2.82825362737829,0.177242459120666,0,0,0,0,0,0,0,0,0,709.072892668003,1.02417540723139,1.41563556062193,1
4,gonogo,2,Go,671,2859,177,569,33.3122193236295,857,31.4490632453582,855,29.0331950219516,1,184,184,708.932781342454,709.622121011083,730.1987433122,944.507355025653,97.3099151796053,0.232280125188048,0,0,0,0,1,0,0,0,0,709.072892668003,1.0297936232828,1.33203139591444,1
4,gonogo,3,NoGo,621,2653,171,2347,1.87460501917607,1250,0.681236207910635,139,-0.0434214477528505,0,0,0,6.17815981731018,709.373806027515,733.686120446009,543.580919711747,3.01524785963852,0.0128664839766129,0,0,0,0,0,0,0,0,0,709.072892668003,1.03471184420179,0.766607954319668,0
4,gonogo,4,Go,721,3043,161,NaN,NaN,910,NaN,879,-24.5611557401169,1,194,240,706.928182170485,710.334602890379,725.475668579036,1081.05636239502,84.7473346800926,-4.07045785842564,0,0,0,0,0,0,0,0,0,709.072892668003,1.02313270762518,1.52460540174843,1
4,gonogo,5,NoGo,671,2704,22,2188,1.96427280429992,1223,1.28348053696224,1215,-1.1186427968753,0,14,0,6.44620004989462,710.949954944545,716.611046416539,598.43718445726,2.33770227434345,0.391096922013514,0,0,0,0,0,0,0,0,0,709.072892668003,1.01063099975543,0.84397131895078,0
4,gonogo,6,Go,621,2646,164,574,33.3714725425064,805,31.5647562751459,801,24.1135913626436,1,14,53,709.494619299141,708.904876177046,718.356094815055,917.096137966794,78.5412101559439,-0.916584073349294,0,0,0,0,1,0,0,0,0,709.072892668003,1.0130920279749,1.29337356913486,1
4,gonogo,7,NoGo,721,NaN,NaN,NaN,1.80129897653076,815,0.75130090793302,582,-1.27816716034877,0,0,0,253.333934169937,710.039054146894,676.839459616699,652.858106009962,112.672406286828,1.81055813187617,0,0,0,0,0,0,0,0,0,709.072892668003,0.954541439413908,0.920720722454184,0
4,gonogo,8,Go,621,2653,171,NaN,NaN,790,NaN,792,21.294862327027,1,25,19,268.588386399567,709.963473505784,722.985997689588,1099.71354024306,3.88234716260873,-3.28148234471002,0,0,0,0,0,0,0,0,0,709.072892668003,1.01962154408306,1.55091747493717,1
4,gonogo,9,Go,621,2652,170,644,33.4280887290874,824,31.8573123047118,818,20.07921439383,0,0,0,711.653369577065,710.778643713031,718.072165547186,1006.81262692904,92.1612225131577,-0.246810393659894,0,0,0,0,0,0,0,0,0,709.072892668003,1.01269160473096,1.41990003755573,1
4,gonogo,10,Go,571,2488,206,652,33.0962006485313,785,31.9517271914368,779,17.2782256743804,0,19,0,7.79650071644862,708.233662395257,721.533714029415,998.169695827251,3.22985869491667,-1.43849900108288,0,0,0,0,0,0,0,0,0,709.072892668003,1.01757339970299,1.40771097886915,1
4,gonogo,11,NoGo,721,3055,173,NaN,2.00136474107068,694,1.47359236107263,694,1.47359236107263,0,0,0,6.56241138424511,709.881650579174,845.476355041468,611.435266576426,2.61731974327661,-1.60895289138246,0,0,0,0,0,0,0,0,0,709.072892668003,1.19236874485531,0.862302413332712,0
4,gonogo,12,Go,671,2866,184,NaN,NaN,833,NaN,834,10.6624922642125,1,114,142,629.151063117056,708.475106766041,738.972459455265,1072.15013483765,107.678402252655,-3.44125187942368,0,0,0,0,0,0,0,0,0,709.072892668003,1.04216712709854,1.51204501811303,1
4,gonogo,13,Go,671,NaN,NaN,NaN,NaN,810,NaN,806,24.8789102251489,0,4,0,345.739955254954,710.972813878419,742.922063165099,1122.63335676151,3.44526906345475,0.644851901786183,0,0,1,0,0,0,0,0,0,709.072892668003,NaN,NaN,1
4,gonogo,14,Go,571,2463,181,677,33.2628519894879,785,31.8041155893229,779,19.5289689492879,1,48,12,342.422508272247,710.761714348416,729.917091498192,963.632636374573,4.28003489533212,-0.414096481688634,0,0,0,0,1,0,0,0,0,709.072892668003,1.02939641191438,1.35900363183924,1
4,gonogo,15,NoGo,571,2470,188,NaN,NaN,1102,NaN,389,-0.841620770444647,1,220,210,6.64883834705553,710.144138286305,726.097268546542,594.948648324922,3.11048939275313,-0.434367612921543,0,0,0,0,0,0,0,0,0,709.072892668003,1.02400934523739,0.839051463505156,0
4,gostop,1,Stop,671,2984,302,1716,2.87480117438971,1175,0.813445515472008,966,-1.78944016638542,0,0,0,755.854568588755,710.352032791528,727.359126720526,717.911643282309,142.746087027914,-5.04725366096823,0,0,0,0,0,0,0,0,0,709.072892668003,1.02578893403148,1.01246522142604,0
4,gostop,2,Go,621,2672,190,608,32.818863861677,820,31.0627201814248,815,23.3192850664662,1,36,36,734.060419267814,711.358157284004,746.635402082346,1132.16255567981,112.577609593345,-1.97658975337125,0,0,0,0,1,0,0,0,0,709.072892668003,1.05297411564135,1.59668006968912,1
4,gostop,3,Go,621,2697,215,623,32.7301044043275,830,31.2577553558089,825,21.2374406476803,1,18,34,648.818916808629,709.325820979625,744.642488939321,1004.14344914417,2.65162634519063,2.76950568622716,0,0,0,0,1,0,0,0,0,709.072892668003,1.05016352569548,1.41613571683147,1
4,gostop,4,Stop,721,3126,244,562,1.28762490922323,922,0.476721143793241,847,-0.839382956605586,0,0,0,709.213003993552,710.180533100811,738.389579194577,663.365976014193,171.602163108339,1.1473648940116,0,0,0,0,0,0,0,0,0,709.072892668003,1.0413450955885,0.935539890007881,0
4,gostop,5,Go,671,2852,170,604,32.5964051018913,864,30.8429973881497,857,13.6609262676848,1,78,62,719.402676824605,710.168308330412,752.2607036412,1038.86907604265,82.4980155265772,0.60761796699252,0,0,0,0,1,0,0,0,0,709.072892668003,1.06090743479235,1.46510899906741,1
4,gostop,6,Go,621,2689,207,711,32.5543797216583,850,31.9823869674077,850,31.9823869674077,1,110,102,726.76796992128,709.409322239713,715.382971933773,931.049003415374,121.752828782627,-3.20902184236834,0,0,0,0,1,0,0,0,0,709.072892668003,1.008899055839,1.31305118703967,1
4,gostop,7,Go,721,3182,300,NaN,NaN,1089,NaN,946,-18.111357523725,1,51,78,709.546916885468,708.624824600749,753.431226080933,918.000439885803,148.115948004989,-2.82272324834346,0,0,0,0,0,0,0,0,0,709.072892668003,1.06255821350894,1.29464889911625,1
4,gostop,8,Go,571,2592,310,576,33.9863989669299,792,31.8968772914093,789,28.9474613791184,1,24,24,280.630766285533,709.598727444858,722.182138134788,913.940154261088,4.06262914701518,2.33467097574271,0,0,0,0,1,0,0,0,0,709.072892668003,1.01848786718874,1.28892270979679,1
4,gostop,9,Go,571,2457,175,NaN,NaN,806,NaN,798,-25.3590643496595,1,22,22,6.80822370638603,709.742485294013,729.966718561455,1006.65527037306,2.44536564289348,0.90502989085381,0,0,0,0,0,0,0,0,0,709.072892668003,1.02946640057672,1.4196781188255,1
4,gostop,10,Stop,721,3056,174,NaN,2.19580848268913,674,1.53950570971364,674,1.53950570971364,0,0,0,712.079183203114,711.202172076421,757.289554276999,1000.88348224936,103.067928758324,2.13777667080694,0,0,0,0,0,0,0,0,0,709.072892668003,1.06799958383344,1.41153821080845,0
4,gostop,11,Go,671,2885,203,591,33.7256542785065,869,31.9296206104086,866,27.4976353799074,0,1,0,168.338317391746,710.62500085772,724.732015628458,1063.24546013845,3.60922150758413,2.25314551754726,0,0,0,0,0,0,0,0,0,709.072892668003,1.02208393963776,1.49948682446146,1
4,gostop,12,Stop,621,2647,165,569,31.8960371125792,804,31.2017273236672,802,30.2575303557765,0,7,0,132.16726858221,709.127650271412,717.728276309398,912.314653648116,3.38847936083993,0.396190650437091,0,0,0,0,0,0,0,0,0,709.072892668003,1.01220662040658,1.2866302788919,0
4,gostop,13,Go,571,2530,248,638,32.5481078772788,792,31.3281937166433,787,22.8680200120674,0,49,0,232.474649230606,709.987885986047,718.255982978019,922.662649702638,3.61004252697654,-0.757541718746154,0,0,0,0,0,0,0,0,0,709.072892668003,1.01295084102773,1.30122397745452,1
4,gostop,14,Stop,671,2702,20,2298,4.43500284966569,1250,1.27079150514766,862,0.0825944743526666,0,0,0,391.564503044897,711.303350498892,721.870464304803,786.859591868299,2.17008594991378,0.4778480361806,0,0,0,0,0,0,0,0,0,709.072892668003,1.01804831600408,1.10970197846319,0
4,gostop,15,Go,571,2538,256,622,32.3387570737746,790,31.2802929888014,789,30.5717427473767,0,151,0,10.8289693279011,709.209818754159,712.978691101127,907.837473992928,3.39408196957605,-1.23533262902229,0,0,0,0,0,0,0,0,0,709.072892668003,1.00550831723157,1.28031614715525,1
5,free,1,Go,646,2869,287,759,28.1744750965742,907,27.4437094675349,905,26.4201540361114,0,0,0,683.403733630847,688.244349235423,703.318998658997,831.135701643976,125.495731434573,-0.0747890605698049,0,0,0,0,0,0,0,0,0,685.733802954994,1.02564434716245,1.21203840041487,1
5,free,2,Go,646,2889,307,723,27.9030510408914,903,27.4467934503163,901,26.6246899406759,0,0,0,687.797920543223,688.470954395311,691.451513555622,841.88682905529,95.8131120330795,-0.0130190057812413,0,0,0,0,0,0,0,0,0,685.733802954994,1.00833809063515,1.22771668164439,1
5,free,3,Go,646,2853,271,667,28.2546169050873,880,27.6584323434226,878,26.4760303443604,0,0,0,685.75726880443,688.48804679956,696.904671982701,978.66690549967,91.6700069491146,1.4015833065879,0,0,0,0,0,0,0,0,0,685.733802954994,1.01629038699794,1.42718194915047,1
5,free,4,Go,646,2801,219,735,27.8589644707141,884,27.3112023124025,882,26.86612849508,0,0,0,680.979488964878,688.568690396727,702.901645915871,824.504119852926,110.252844512392,1.17275759084681,0,0,0,0,0,0,0,0,0,685.733802954994,1.02503572506838,1.20236761889225,1
5,free,5,Go,646,2869,287,679,27.449240875393,887,26.6168204878413,884,24.8183277707646,0,0,0,675.826718466907,688.327094156003,701.915402096925,791.101410672832,104.024377480414,2.2550517739886,0,0,0,0,0,0,0,0,0,685.733802954994,1.02359749376828,1.15365672111216,1
5,free,6,Go,646,2886,304,742,27.2874946316731,907,26.8569716886613,906,26.4877599643094,0,0,0,678.633554924411,688.659153682651,698.139667527973,787.353390965938,105.726336030107,2.60546581278658,0,0,0,0,0,0,0,0,0,685.733802954994,1.01809137090737,1.14819101460806,1
5,free,7,Go,646,2885,303,715,27.2966511920298,900,26.7630543731216,899,26.5934548180933,0,0,0,684.114998490396,687.80296138906,701.111160676704,848.212423047961,89.1093244054641,2.99382115371931,0,0,0,0,0,0,0,0,0,685.733802954994,1.02242467507865,1.23694124366162,1
5,free,8,Go,646,2790,208,642,27.3647391415504,858,27.0520020882165,857,26.7647097383061,0,0,0,681.28907741641,688.589383103687,702.944381713957,841.01162888051,107.712443855656,1.37043081690927,0,0,0,0,0,0,0,0,0,685.733802954994,1.02509804633343,1.22644038438296,1
5,free,9,Go,646,2830,248,674,27.5360693527033,876,27.0753302033621,874,26.1904381503487,0,0,0,677.681212798065,686.933092680676,693.195218490083,905.926397188478,104.080093261848,-0.176340559351829,0,0,0,0,0,0,0,0,0,685.733802954994,1.0108809212889,1.32110506042523,1
5,free,10,Go,646,2847,265,653,28.0275784588096,875,27.2296640138842,873,26.6029767729291,0,0,0,688.619911747055,687.303071199744,695.502419196986,854.083031702194,3.71378018949708,0.278721827415327,0,0,0,0,0,0,0,0,0,685.733802954994,1.01424549322186,1.24550230427863,1
5,free,11,Go,646,2811,229,701,27.9780595685725,878,27.298771424597,875,25.9182339822563,0,0,0,683.364219956831,688.191378499724,691.275064398998,838.448715372911,81.6540432441187,-0.09726274725722,0,0,0,0,0,0,0,0,0,685.733802954994,1.00808077627226,1.22270290856282,1
5,free,12,Go,646,2792,210,648,27.4527820726491,860,26.918064210957,858,26.1949518701298,0,0,0,677.430791669755,688.278047154139,697.840807029007,815.72880153045,89.4538577129528,0.0349528006239969,0,0,0,0,0,0,0,0,0,685.733802954994,1.01765554508447,1.1895706439077,1
5,free,13,Go,646,2762,180,646,27.6030419694197,852,27.072880387274,851,26.8972619320577,0,0,0,679.297717923562,688.697955945367,709.614468675998,786.773909695641,104.186778404611,2.05683058083986,0,0,0,0,0,0,0,0,0,685.733802954994,1.03482497963218,1.14734596180798,1
5,free,14,Go,646,2842,260,590,27.3717908612576,858,26.7801470018484,856,26.1035915119049,0,0,0,684.84471584655,687.581317976958,701.71566818868,882.600544804971,114.320545018234,1.92271370076344,0,0,0,0,0,0,0,0,0,685.733802954994,1.02330622344242,1.28708916054835,1
5,free,15,Go,646,2807,225,713,27.1781705737258,880,26.4085075505202,878,25.4480635377373,0,0,0,684.614898169278,687.52926189927,710.019484245654,923.075045263549,109.61829210544,1.66230628194122,0,0,0,0,0,0,0,0,0,685.733802954994,1.03541561052701,1.34611279374853,1
5,simple,1,Go,571,NaN,NaN,NaN,NaN,799,NaN,796,24.6161087719072,0,0,0,695.229301868763,685.258679924474,732.5539778092,803.03420854364,87.145476305104,1.62549283742931,0,0,1,0,0,0,0,0,0,685.733802954994,NaN,NaN,1
5,simple,2,Go,621,NaN,NaN,NaN,NaN,779,NaN,776,25.7681202314649,0,0,0,695.539628521753,686.588091053758,713.900314295158,869.038122983538,57.6555525922407,1.73058824367019,0,0,1,0,0,0,0,0,0,685.733802954994,NaN,NaN,1
5,simple,3,Go,721,NaN,NaN,NaN,NaN,826,NaN,823,25.2948256890132,0,0,0,689.249316059976,684.300996612019,689.568504080455,835.131499230192,63.0403998451867,1.77705781581897,0,0,1,0,0,0,0,0,0,685.733802954994,NaN,NaN,1
5,simple,4,Go,571,2489,207,639,27.6412795733109,782,27.1853852095257,780,26.2665636184982,0,0,0,681.526059348481,685.676126065942,752.819047374006,873.908345846743,3.62393084935375,-0.740943245442732,0,0,0,0,0,0,0,0,0,685.733802954994,1.09782986361461,1.27441339785331,1
5,simple,5,Go,671,2894,212,550,27.574553205577,861,27.1527809948499,859,26.0056573722461,0,0,0,730.240979784167,685.896314764032,716.620623585554,891.766371005704,88.9622667428188,2.25712698253798,0,0,0,0,0,0,0,0,0,685.733802954994,1.04504199807194,1.30045560997995,1
5,simple,6,Go,621,2687,205,541,28.1840183266924,807,27.6745977762334,805,26.5825880758351,0,0,0,685.206116866251,686.837371477104,707.655638127927,841.442869071356,96.0983485254078,0.259598641064589,0,0,0,0,0,0,0,0,0,685.733802954994,1.03196843305444,1.22706925842852,1
5,simple,7,Go,571,2508,226,556,27.7875864433773,766,27.2340100023665,764,26.0468302227736,0,0,0,700.082112354349,685.611550154464,747.765536467273,770.697369139016,2.84451274213476,0.800757198702,0,0,0,0,0,0,0,0,0,685.733802954994,1.09046036996422,1.12390167411595,1
5,simple,8,Go,721,NaN,NaN,NaN,NaN,810,NaN,807,24.6718952547315,0,0,0,250.082055138795,682.163014489806,551.453849567653,744.429757471875,3.38738842869875,0.619094438516047,0,0,1,0,0,0,0,0,0,685.733802954994,NaN,NaN,1
5,simple,9,Go,671,2742,NaN,NaN,27.8257928030787,823,27.3619466258112,821,26.3837260084607,0,0,0,691.137021490872,685.515875872998,705.266957004603,920.435238862657,3.19196244000555,1.95238100292565,0,0,0,1,0,0,0,0,0,685.733802954994,1.0284850388962,1.34226318565058,1
5,simple,10,Go,571,2475,193,605,27.4128009890029,770,26.6852405322697,768,26.2108651863267,0,0,0,703.468748107549,685.876906724518,688.728030426328,801.476880663091,3.64855177992107,1.19035715116216,0,0,0,0,0,0,0,0,0,685.733802954994,1.00436645744811,1.16878718419499,1
5,simple,11,Go,721,NaN,NaN,NaN,NaN,813,NaN,809,22.1096602859493,0,0,0,39.2789775404763,679.717003935384,588.387218571411,753.952200515481,2.97238790812263,0.707519033073628,0,0,1,0,0,0,0,0,0,685.733802954994,NaN,NaN,1
5,simple,12,Go,671,2836,154,524,27.1832660441859,840,26.7240947383753,838,26.0881208031888,0,0,0,705.460457784349,686.216234439292,748.83594663211,757.879999430105,2.91180317168572,1.92685936956249,0,0,0,0,0,0,0,0,0,685.733802954994,1.0920213403586,1.10521020863229,1
5,simple,13,Go,621,2654,172,530,27.8832651918514,796,27.2187635587224,794,26.6916138786954,0,0,0,416.19133214158,686.359760153125,713.4498624386,799.618168316818,3.80986001205107,1.72176611096451,0,0,0,0,0,0,0,0,0,685.733802954994,1.04041810300757,1.16607663917262,1
5,simple,14,Go,621,2637,155,519,27.8293058722944,789,27.2198801828717,787,26.3277597039343,0,0,0,719.701564065664,686.211703332954,712.434266038667,880.556223846178,27.6511352955008,1.82567859584466,0,0,0,0,0,0,0,0,0,685.733802954994,1.03893706707853,1.28410794400341,1
5,simple,15,Go,721,3096,214,484,27.70481744176,895,27.2166497930839,894,26.8152257233877,0,0,0,710.584607806995,685.958515951386,727.081700565603,794.720154428043,3.42756100585214,1.69190410022292,0,0,0,0,0,0,0,0,0,685.733802954994,1.06029730112827,1.15893390555256,1
5,gonogo,1,Go,671,2836,154,568,27.5525197057257,851,26.7880111245019,850,26.4343585577702,0,0,0,721.273959821891,686.471818025636,710.728044076466,798.321222939189,79.6603638858576,2.24580974768443,0,0,0,0,0,0,0,0,0,685.733802954994,1.03644889753687,1.16418531432901,1
5,gonogo,2,NoGo,571,2563,281,NaN,0.776439115373972,441,0.392887745572557,403,-0.0435829409745486,0,0,0,685.710337105558,687.556256007882,713.534288522421,410.417578902304,172.388814768098,2.48532309791599,0,0,0,0,0,0,0,0,0,685.733802954994,1.04054122087555,0.598508600762738,0
5,gonogo,3,Go,721,3082,200,618,27.3928933130774,925,26.7481319913138,923,25.6444093833982,0,0,0,680.690922820621,686.931659489279,716.033564760302,774.311530819218,108.392732443629,1.54459699004425,0,0,0,0,0,0,0,0,0,685.733802954994,1.0441858949854,1.12917217655382,1
5,gonogo,4,Go,671,2842,160,578,27.5207793145814,855,27.0878624345188,854,26.7428015466389,0,0,0,684.306257851831,686.959506411618,721.605617168753,834.066499576739,93.9902785491944,1.52553524124556,0,0,0,0,0,0,0,0,0,685.733802954994,1.05231157346944,1.21631235908532,1
5,gonogo,5,Go,571,2539,257,549,27.127018166928,772,26.5089672763632,771,26.1049614452854,0,0,0,702.122938551252,687.081912204921,780.354383107195,754.668076299299,2.86298827263993,0.838464828929969,0,0,0,0,0,0,0,0,0,685.733802954994,1.13798441865409,1.10052628738331,1
5,gonogo,6,NoGo,721,3052,170,1948,0.743483735689326,1250,0.327873616352697,380,-0.34926756774098,0,0,0,681.380002739665,687.037886130162,720.903238842175,621.338249847299,127.030371155544,2.56103958810189,0,0,0,0,0,0,0,0,0,685.733802954994,1.05128730089669,0.90609249124048,0
5,gonogo,7,Go,621,2691,209,533,27.404710043588,806,26.8512655602677,804,25.8813284144987,0,0,0,683.786290276132,686.601816318429,715.059940333965,796.059274743103,85.3339359448597,2.52268046460167,0,0,0,0,0,0,0,0,0,685.733802954994,1.0427660664424,1.16088673376271,1
5,gonogo,8,Go,571,2529,247,547,27.3719441655062,769,26.757876922505,768,26.3495885809853,0,0,0,685.461603948057,687.165824529439,771.065031005254,754.458556541825,101.231506150182,-0.00494600277761174,0,0,0,0,0,0,0,0,0,685.733802954994,1.1244378324104,1.1002207464335,1
5,gonogo,9,NoGo,671,2840,158,2160,1.78083318096824,1250,0.656585610627883,778,-1.68521890533148,0,0,0,735.489810194727,686.706629084061,715.474828989025,814.229520791913,148.856940880522,2.08723508276523,0,0,0,0,0,0,0,0,0,685.733802954994,1.04337109517698,1.18738425506107,0
5,gonogo,10,Go,621,2601,NaN,NaN,26.9876884595862,796,26.5534894411197,794,25.5054657308396,0,0,0,682.09746584384,687.544404990342,694.084564942383,796.545042249501,103.999626744004,-0.171835669684401,0,0,0,1,0,0,0,0,0,685.733802954994,1.01217784795121,1.16159512454686,1
5,gonogo,11,NoGo,721,NaN,NaN,NaN,0.842544928767814,1250,0.542776233504016,708,-0.597635352033707,0,0,0,684.161187520664,680.873180622657,426.880347321975,662.77478091769,147.736570001863,1.4663851479451,0,0,0,0,0,0,0,0,0,685.733802954994,0.62251612139061,0.966519045818702,0
5,gonogo,12,Go,671,2872,190,572,27.2060156363386,861,26.672019609612,859,26.0041531094127,0,0,0,693.741728969529,686.320457463053,713.079620552657,751.958379309327,32.4728835131197,1.87567578508649,0,0,0,0,0,0,0,0,0,685.733802954994,1.03987818229147,1.09657475841056,1
5,gonogo,13,Go,571,2551,269,549,26.9977494399933,775,26.4901329947827,773,25.9084473722111,0,0,0,720.365818605165,686.690413649472,721.328484743281,807.759452852784,46.6743765764532,-2.15017074720493,0,0,0,0,0,0,0,0,0,685.733802954994,1.05190743351852,1.17794900786858,1
5,gonogo,14,NoGo,721,NaN,NaN,NaN,1.28213333749194,828,0.716675816774648,776,-0.947308807336497,0,0,0,721.629067466946,686.625574218956,697.177409111999,716.32029866168,117.745330303609,1.84540777775893,0,0,0,0,0,0,0,0,0,685.733802954994,1.01668811732438,1.04460403669016,0
5,gonogo,15,Go,621,2680,198,536,27.7505076442681,804,27.2637155453996,802,26.6971879243708,0,0,0,693.733502231541,686.98339172071,706.085040485944,771.988138782735,122.513688726948,0.932026128500453,0,0,0,0,0,0,0,0,0,685.733802954994,1.02967804335042,1.12578399293727,1
5,gostop,1,Go,571,2584,302,636,24.7114042575203,805,24.0990427691078,802,22.9633984549587,0,0,0,687.855946173053,688.899829115123,704.490923532904,670.369432235509,119.47498061421,-0.11338201133878,0,0,0,0,0,0,0,0,0,685.733802954994,1.02735335562733,0.977594263760549,1
5,gostop,2,Stop,671,NaN,NaN,NaN,3.37402121990407,786,1.15892624613681,739,-3.07760351057798,0,0,0,587.58007945652,686.899109518015,709.078233239115,759.181409422343,109.965661430322,2.20111299634597,0,0,0,0,0,0,0,0,0,685.733802954994,1.0340429918775,1.10710804418689,0
5,gostop,3,Go,721,NaN,NaN,NaN,NaN,846,NaN,842,22.5690489140873,0,0,0,107.270648701024,683.279726645267,659.133622328946,683.571312407578,2.47904605184362,2.65032981469775,0,0,1,0,0,0,0,0,0,685.733802954994,NaN,NaN,1
5,gostop,4,Go,571,2513,231,543,27.5774030125275,764,27.1613262342176,761,25.7304985185395,0,0,0,684.382249681033,687.919985890334,707.104804523086,767.317796462637,125.709813297585,1.56848749230626,0,0,0,0,0,0,0,0,0,685.733802954994,1.03116515691074,1.11897327090495,1
5,gostop,5,Go,621,2655,173,553,28.0553745587196,802,27.7470833966022,800,26.8777383666716,0,0,0,696.862115526941,688.214476489036,729.534044163475,681.933724630083,3.06706777843768,2.45128386478277,0,0,0,0,0,0,0,0,0,685.733802954994,1.0638735337528,0.994458376838746,1
5,gostop,6,Stop,671,NaN,NaN,NaN,13.6681356237734,835,7.25357776851145,849,0.587951226249942,0,0,0,688.933948672922,687.582199883554,723.897497070113,901.807389945595,51.047705270627,2.65672158596846,0,0,0,0,0,0,0,0,0,685.733802954994,1.0556538031969,1.31509834582966,0
5,gostop,7,Stop,571,2532,250,620,2.63183284254721,788,0.537132638494059,372,-2.26635449460167,0,0,0,686.31879061826,688.153729792197,715.739668526297,1060.98643989442,93.7132399442174,1.67199896356164,0,0,0,0,0,0,0,0,0,685.733802954994,1.04375730850951,1.54722785331913,0
5,gostop,8,Go,671,NaN,NaN,NaN,NaN,884,NaN,880,21.8861861685119,0,0,0,689.650358430931,689.07277428149,737.54765807517,834.631628212867,80.7768998185043,3.20929969676006,0,0,1,0,0,0,0,0,0,685.733802954994,NaN,NaN,1
5,gostop,9,Go,621,2662,180,590,28.0955188588636,813,27.7543169254489,811,26.7286097879414,0,0,0,678.686399504137,686.62056262164,751.282669350975,790.166234992209,57.0290875447833,1.01805780483866,0,0,0,0,0,0,0,0,0,685.733802954994,1.09558937610122,1.15229296206077,1
5,gostop,10,Stop,571,2466,184,562,4.75100518824135,757,0.673703617652219,695,-4.13830202538949,0,0,0,665.406549227901,686.577501809505,727.028622822883,783.180693277981,84.6382642761117,1.04530835615099,0,0,0,0,0,0,0,0,0,685.733802954994,1.06021989828989,1.14210600367528,0
5,gostop,11,Go,671,2852,170,596,28.022408433847,862,27.6080087097493,859,25.890740022711,0,0,0,677.734695933414,687.984192038977,703.879951203999,832.185105503228,96.3843080024107,0.814645623018102,0,0,0,0,0,0,0,0,0,685.733802954994,1.02646237967387,1.21356873748551,1
5,gostop,12,Stop,621,2673,191,611,4.23572452149803,821,0.624487927515877,363,-2.15155713566637,0,0,0,686.748215649867,687.117142777796,712.084114148213,1113.79160361233,117.225053611211,0.545426762816958,0,0,0,0,0,0,0,0,0,685.733802954994,1.03842644343865,1.62423319196565,0
5,gostop,13,Go,721,NaN,NaN,NaN,NaN,891,NaN,888,24.9018249552182,0,0,0,684.756652920544,685.076446452086,619.482883697605,712.036155161673,65.5647891757874,2.67691069079557,0,0,1,0,0,0,0,0,0,685.733802954994,NaN,NaN,1
5,gostop,14,Go,571,2504,222,616,27.5808147538646,780,27.1540519836859,778,26.0879856775093,0,0,0,687.965383068945,688.108570624236,692.583135393016,837.732717790433,105.270295534192,1.13426090966283,0,0,0,0,0,0,0,0,0,685.733802954994,1.00998832551131,1.2216587751405,1
5,gostop,15,Stop,671,2874,192,458,6.9054950972149,833,1.09087184911892,890,-4.98541301867336,0,0,0,686.32960726492,687.560644321071,709.268026723633,979.299234994132,105.685276010835,2.54547387800102,0,0,0,0,0,0,0,0,0,685.733802954994,1.03431976616469,1.42810407008389,0
6,free,1,Go,646,3020,438,796,34.0038072192617,954,33.2274282668349,952,31.4456337305163,0,0,0,773.90002839159,735.782463924385,744.356021218095,1042.46118723549,134.648318311656,2.2556615293228,0,0,0,0,0,0,0,0,0,725.016607390723,1.02667444253032,1.43784456329521,1
6,free,2,Go,646,2984,402,816,33.505493733784,950,32.8244276482642,948,31.1227362719419,0,0,0,578.33002818018,734.73617588,909.139138805882,1090.25574243629,3.67661714699976,0.0814668457579985,0,0,0,0,0,0,0,0,0,725.016607390723,1.25395629498447,1.50376657765128,1
6,free,3,Go,646,2976,394,840,34.5172536490108,954,33.3278744890071,951,27.9671536915221,0,0,0,734.613119717301,736.078956583235,740.236560605586,1025.44135860836,154.995295613532,2.25487280870279,0,0,0,0,0,0,0,0,0,725.016607390723,1.02099255804586,1.4143694753405,1
6,free,4,Go,646,2985,403,855,33.7232562259133,960,32.7535211763422,957,29.8335087933804,0,0,0,767.177831039487,735.198927474925,735.655431969116,1062.43207641243,136.731869197709,0.981950531435152,0,0,0,0,0,0,0,0,0,725.016607390723,1.01467390466638,1.46538998635637,1
6,free,5,Go,646,3105,523,851,34.0941426836337,989,33.1821036465849,986,29.1220295299375,0,0,0,751.358566840981,734.804401218966,744.405980598493,1009.49178350804,3.33824753376567,1.81791430220575,0,0,0,0,0,0,0,0,0,725.016607390723,1.02674335044207,1.39237056533245,1
6,free,6,Go,646,3084,502,780,34.0313857276183,966,33.1399743801418,963,29.7969949355129,0,0,0,767.586658323533,735.68078041264,739.930043813913,1005.85629480003,69.3524445004947,2.05497967345001,0,0,0,0,0,0,0,0,0,725.016607390723,1.02056978594858,1.38735621301148,1
6,free,7,Go,646,3002,420,766,34.0306192636578,942,33.1372454197645,939,29.98583478645,0,0,0,729.191781821178,735.766854557594,739.740570292282,992.083656149346,99.1826497291214,2.33288757611705,0,0,0,0,0,0,0,0,0,725.016607390723,1.0203084491465,1.36835990518862,1
6,free,8,Go,646,3329,747,823,34.1919259560239,1038,33.4712273741061,1036,31.1908912851278,0,0,0,724.241620995,735.864029561941,757.605637603063,1087.11084938499,60.7054367854455,1.668467832855,0,0,0,0,0,0,0,0,0,725.016607390723,1.04494935685629,1.49942889349447,1
6,free,9,Go,646,3181,599,795,34.1582026670163,994,33.2110898696663,991,29.902253520959,0,0,0,716.120323940149,736.130437963109,772.90672335729,998.520061652416,75.4768280405026,2.28724081800292,0,0,0,0,0,0,0,0,0,725.016607390723,1.06605381928963,1.37723750252565,1
6,free,10,Go,646,3186,604,850,34.2245189680941,1009,33.4251750644725,1007,30.9117622917008,0,0,0,717.838358893593,735.305678692577,771.528158024132,1075.13682786201,144.516878821952,0.884112043687117,0,0,0,0,0,0,0,0,0,725.016607390723,1.06415239342006,1.48291338005531,1
6,free,11,Go,646,3088,506,804,34.0134413517776,973,33.240233750216,971,31.3164232549209,0,0,0,717.759820895607,735.582688184679,743.504499059365,955.177167694741,147.173261743226,1.72502315610774,0,0,0,0,0,0,0,0,0,725.016607390723,1.0254999561116,1.3174555699246,1
6,free,12,Go,646,3186,604,830,34.0107401631379,1004,33.3390765467731,1002,30.7885960702858,0,0,0,716.255167556994,735.147861376438,753.783051151945,1015.52244229551,154.014416610227,2.17764588228889,0,0,0,0,0,0,0,0,0,725.016607390723,1.03967694459407,1.40068852484675,1
6,free,13,Go,646,3165,583,783,34.1118567452281,987,33.1932587613772,985,30.8182708754368,0,0,0,775.794286715402,734.330802568453,750.502811312239,1020.51612666809,78.652532061258,2.12652162563289,0,0,0,0,0,0,0,0,0,725.016607390723,1.03515257948813,1.40757620758626,1
6,free,14,Go,646,3026,444,826,33.9493850088067,963,33.0837771503043,961,30.7445517828432,0,0,0,694.896441321644,734.177646857671,746.05698397944,948.843240873612,124.069886210658,0.678674944188712,0,0,0,0,0,0,0,0,0,725.016607390723,1.02902054432165,1.3087193192559,1
6,free,15,Go,646,3174,592,814,33.726245922071,997,32.8161967744399,995,30.2151829337282,0,0,0,567.774709038574,733.337440448776,757.974139764248,1026.15496031229,149.198207338158,0.855337339070449,0,0,0,0,0,0,0,0,0,725.016607390723,1.04545762405655,1.41535373100671,1
6,simple,1,Go,721,3094,212,582,32.6022388259423,919,31.7505393512771,916,29.0224941395122,0,0,0,731.808740107638,733.821154693146,749.647024660927,839.025460787107,141.171809964454,2.00006600982978,0,0,0,0,0,0,0,0,0,725.016607390723,1.03397221114541,1.15724998880604,1
6,simple,2,Go,571,2478,196,542,33.0089819885326,755,32.3374380414802,753,29.8946764445354,0,0,0,667.869064262929,733.907528166985,739.743854765124,886.32530849797,4.21667272668314,1.53578280650023,0,0,0,0,0,0,0,0,0,725.016607390723,1.02031297935009,1.22248966363375,1
6,simple,3,Go,621,2696,214,532,33.3990956122109,807,32.5733806071363,804,29.1767953186887,0,0,0,723.428636192453,734.264294404279,754.200446355524,971.758085726634,84.7003430926291,1.82001310982779,0,0,0,0,0,0,0,0,0,725.016607390723,1.04025264892874,1.34032527782214,1
6,simple,4,Go,721,3079,197,613,34.0750337544667,923,33.4369228420154,921,31.3942992556795,0,0,0,728.763346381732,734.556774756691,745.837694495567,1013.6411907742,55.6498776895856,2.55324388111681,0,0,0,0,0,0,0,0,0,725.016607390723,1.02871808299644,1.39809375459994,1
6,simple,5,Go,621,2710,228,554,34.2937505628181,816,33.4656101991923,814,30.8099281739774,0,0,0,694.979097811303,734.991385043914,740.375670372026,993.311581155923,94.941491777362,2.04017907411438,0,0,0,0,0,0,0,0,0,725.016607390723,1.02118442919063,1.37005355605684,1
6,simple,6,Go,571,2494,212,602,34.2954948550295,774,33.5095267280653,772,30.9904922196792,0,0,0,383.846427128316,735.312393582824,736.199059281916,1021.80511017533,3.85901835322769,0.261370122747585,0,0,0,0,0,0,0,0,0,725.016607390723,1.01542371826687,1.40935407514695,1
6,simple,7,Go,671,2892,210,580,33.6077165076226,868,32.9342698950526,866,31.3733640493307,0,0,0,153.459606610372,734.033297358551,795.216560463582,983.352931383227,3.33753550371744,1.68001455035125,0,0,0,0,0,0,0,0,0,725.016607390723,1.09682530352719,1.35631780204627,1
6,simple,8,Go,721,3095,213,613,33.8279669093775,927,33.1326867366705,925,31.1881992954326,0,0,0,727.719535912769,734.01563344314,738.232506187838,987.894429649328,92.9252921895142,2.40186933557769,0,0,0,0,0,0,0,0,0,725.016607390723,1.01822840837354,1.36258179409804,1
6,simple,9,Go,571,2514,232,542,33.9761036396458,764,33.2381641873903,762,30.9861715175086,0,0,0,743.763777751239,733.72893239131,755.20732529151,1011.18806505759,89.9065375564159,2.39292982346727,0,0,0,0,0,0,0,0,0,725.016607390723,1.041641415649,1.39471021042784,1
6,simple,10,Go,621,2706,224,574,33.829455850755,820,32.916677811906,817,29.4401055231546,0,0,0,610.723112546961,734.046476421329,738.670052855828,917.892534803811,100.82186391572,1.82617324918218,0,0,0,0,0,0,0,0,0,725.016607390723,1.01883190719485,1.2660296680751,1
6,simple,11,Go,671,2874,192,550,34.0474225888431,856,33.1742667486782,853,29.7791817905195,0,0,0,713.067971627665,734.752711070716,729.909398980757,1009.98610044299,51.5870961254195,2.0632908304919,0,0,0,0,0,0,0,0,0,725.016607390723,1.00674852346851,1.39305236617662,1
6,simple,12,Go,571,2506,224,554,33.5777288019641,765,32.7535886051186,762,29.278695082145,0,0,0,7.4962636165995,734.658892965513,847.555672772875,980.699518665824,3.93497904964257,1.98720676455959,0,0,0,0,0,0,0,0,0,725.016607390723,1.16901552893135,1.35265800627007,1
6,simple,13,Go,671,2915,233,637,33.9572533336924,888,33.0310333946638,885,29.705760758951,0,0,0,563.50746521801,734.665627859945,746.385724457205,950.928158553803,140.314530305553,2.16567447000922,0,0,0,0,0,0,0,0,0,725.016607390723,1.02947396907691,1.31159500190777,1
6,simple,14,Go,621,2697,215,587,33.9925960755825,821,32.9103266283135,818,29.5530828505531,0,0,0,732.96713030215,733.860482211476,746.758126210152,1037.1914837414,92.3022587888497,1.73725103467065,0,0,0,0,0,0,0,0,0,725.016607390723,1.02998761490123,1.43057617324681,1
6,simple,15,Go,721,3094,212,622,33.6178275158945,929,32.73279782674,926,30.0036823433053,0,0,0,706.86013244829,733.580751700188,739.028757776357,945.803973074619,101.369931219374,2.44101774333936,0,0,0,0,0,0,0,0,0,725.016607390723,1.01932666126927,1.30452732176507,1
6,gonogo,1,Go,621,2755,273,609,33.6238005141177,841,33.0742087473857,839,30.889165868193,0,0,0,495.136987031781,734.372207279823,733.918639151931,883.237072484929,149.081306580911,2.42183336871268,0,0,0,0,0,0,0,0,0,725.016607390723,1.01227838324041,1.21823012532586,1
6,gonogo,2,NoGo,571,2503,221,1421,2.58099307019783,981,0.670177825589084,433,-2.48546325811165,0,0,0,607.747153652568,735.099937361127,738.758646988003,728.685849717868,138.467476598214,2.00594342943727,0,0,0,0,0,0,0,0,0,725.016607390723,1.01895410319874,1.00506090797058,0
6,gonogo,3,Go,671,2938,256,598,34.3166199838668,884,33.6181434667662,882,31.5595758387556,0,0,0,736.991559733936,735.179684667747,744.035924807149,972.667468846296,143.079073575026,2.69763149752222,0,0,0,0,0,0,0,0,0,725.016607390723,1.02623294035274,1.34157957063473,1
6,gonogo,4,Go,671,2923,241,601,33.4165158876149,881,32.6861873381378,879,30.3344301141967,0,0,0,742.655747977008,734.978604964187,742.831082992447,935.622302299314,124.96757013841,2.13508243801864,0,0,0,0,0,0,0,0,0,725.016607390723,1.02457112764056,1.29048395962479,1
6,gonogo,5,Go,571,2595,313,553,33.5238551079799,787,32.7995715054003,785,30.7319625331528,0,0,0,194.273141318264,735.249715383429,744.562458064301,944.842951519879,3.5202439120234,2.7547377229538,0,0,0,0,0,0,0,0,0,725.016607390723,1.02695917648552,1.30320180515629,1
6,gonogo,6,NoGo,721,3096,214,1904,3.43541208115721,1250,0.711005145258695,419,-2.41778874309501,0,0,0,656.746922974433,734.713870443895,746.063091800687,775.969568197649,219.438932927428,1.95597118803148,0,0,0,0,0,0,0,0,0,725.016607390723,1.02902896870971,1.07027833609261,0
6,gonogo,7,Go,621,2688,206,604,34.0776792907405,823,33.1390358796205,820,30.3109614579259,0,0,0,736.783871752781,735.401432915579,731.273030316435,920.910446555167,148.882675490048,2.19090317790942,0,0,0,0,0,0,0,0,0,725.016607390723,1.0086293511927,1.27019220962324,1
6,gonogo,8,NoGo,671,2903,221,1953,7.67909097034196,1214,7.57373064332178,1199,7.08941619930009,0,0,0,-51.548829629164,-15.5119940965808,745.930121499685,-57.824184567922,208.751782066477,-748.754551400701,1,1,0,0,0,0,0,0,0,725.016607390723,NaN,NaN,0
6,gonogo,9,Go,571,2564,282,560,34.0948442479898,781,33.0736035616663,779,30.4822216993879,0,0,0,753.698035610246,734.837463712856,874.898747020789,941.225469974369,4.01803610510941,1.14065313913656,0,0,0,0,0,0,0,0,0,725.016607390723,1.20672925020225,1.29821228973191,1
6,gonogo,10,Go,621,2734,252,554,34.4984463373569,822,33.6616868732418,820,31.2120352238698,0,0,0,759.57298840253,734.788922540338,850.704211894928,956.791121540405,3.99633825833895,1.91389959513,0,0,0,0,0,0,0,0,0,725.016607390723,1.17335824203606,1.31968166216746,1
6,gonogo,11,Go,721,3133,251,535,33.6290511419507,917,32.961101023217,915,31.2163877687296,0,0,0,715.831847814948,734.214823520094,944.281974384987,941.219380664527,3.63197910698834,1.45050092986162,0,0,0,0,0,0,0,0,0,725.016607390723,1.30242806131488,1.29820389087624,1
6,gonogo,12,NoGo,571,2498,216,1902,7.87499933616608,1100,7.84316324139987,1101,7.83886297153703,0,0,0,93.5672181032178,735.074395042682,742.602157577314,619.015694164038,3.51379945644183,2.23802185932001,0,0,0,0,0,0,0,0,0,725.016607390723,1.02425537568012,0.853795192901618,0
6,gonogo,13,Go,671,2882,200,594,33.6495733617436,869,32.742604402955,866,29.5210808628061,0,0,0,663.588317565622,735.013228220031,737.15599158446,947.10379882768,4.06691641961722,2.08591182260369,0,0,0,0,0,0,0,0,0,725.016607390723,1.01674359465699,1.30632014380502,1
6,gonogo,14,NoGo,621,2670,188,1882,7.78272397632798,1138,7.73897528083883,1131,7.58978070225229,0,0,0,79.7533218645254,734.753560116274,747.949674522769,680.831670893912,3.6122027480663,1.43294968087128,0,0,0,0,0,0,0,0,0,725.016607390723,1.03163109216847,0.939056656018089,0
6,gonogo,15,Go,721,3080,198,588,33.542188893477,917,32.8845704697567,915,31.4096151954881,0,0,0,569.465473928946,735.338729457175,921.976355823137,966.965525652496,3.99296376786613,1.6354129143452,0,0,0,0,0,0,0,0,0,725.016607390723,1.27166239562602,1.33371500155359,1
6,gostop,1,Go,671,3020,338,744,33.5669744327223,941,33.0763766497554,939,31.9640969413783,0,0,0,727.957394138496,734.189738087863,744.22397320728,926.770465343885,153.061546723911,1.54877389307637,0,0,0,0,0,0,0,0,0,725.016607390723,1.02649231151502,1.27827480901335,1
6,gostop,2,Stop,721,3113,231,699,3.12503538661583,953,0.925215936971271,834,-2.92767789432165,0,0,0,728.022176608278,734.038435961809,743.413615439036,630.114831427692,254.937447839812,1.0089190541311,0,0,0,0,0,0,0,0,0,725.016607390723,1.02537460226535,0.869103997073151,0
6,gostop,3,Go,621,2611,NaN,NaN,34.1277921179756,847,33.8058662949976,846,33.0582314633957,0,0,0,14.576383406581,734.853516520406,875.69943088675,1026.98980163671,3.38077519762858,-0.0765076255048694,0,0,0,1,0,0,0,0,0,725.016607390723,1.20783361644407,1.41650520990514,1
6,gostop,4,Go,721,3084,202,744,34.0514478114959,957,33.581477887289,955,31.1573779332477,0,0,0,725.016607390723,735.856065872991,750.709221050254,899.083729098872,145.93149581353,2.24945305300028,0,0,0,0,0,0,0,0,0,725.016607390723,1.03543727605357,1.24008708205265,1
6,gostop,5,Go,571,2638,356,666,33.7764207914757,826,33.2720407124605,824,31.7167932473362,0,0,0,7.14864710438947,734.264321288187,820.470922893998,966.993403210156,3.25762864330919,2.0501493783128,0,0,0,0,0,0,0,0,0,725.016607390723,1.13165810897327,1.33375345247647,1
6,gostop,6,Stop,671,2822,140,2178,4.84395077966981,1250,2.25912319331684,1250,2.25912319331684,0,0,0,711.449644833855,735.508783973412,759.714453747806,724.83508058182,209.935768424089,1.31357565452117,0,0,0,0,0,0,0,0,0,725.016607390723,1.04785800215247,0.999749623929917,0
6,gostop,7,Go,621,2677,195,699,34.2811406236788,844,33.6655451179214,841,30.7205282989429,0,0,0,7.40897349013616,735.215236490126,806.063714485893,998.413871837669,3.79043980500959,1.96040737723828,0,0,0,0,0,0,0,0,0,725.016607390723,1.11178655256857,1.3770910371707,1
6,gostop,8,Go,721,NaN,NaN,NaN,NaN,888,NaN,886,30.0651674111812,0,0,0,775.110975888134,733.964135174192,721.786782563427,965.236835570905,183.168061286889,2.30781776724471,0,0,1,0,0,0,0,0,0,725.016607390723,NaN,NaN,1
6,gostop,9,Stop,571,2554,272,2446,5.16982566125161,1250,4.28885524798915,1231,4.1195393360352,0,0,0,726.10938472004,735.793003778602,743.24938688018,661.2774817139,205.651636449002,2.336458284167,0,0,0,0,0,0,0,0,0,725.016607390723,1.02514808530397,0.91208597840784,0
6,gostop,10,Go,671,2924,242,656,33.8104833852513,895,33.2592136194156,893,31.9608965187519,0,0,0,249.682528610428,734.170373187243,896.436993007124,988.383615182298,2.61916258717188,2.35625193410752,0,0,0,0,0,0,0,0,0,725.016607390723,1.23643649520434,1.3632565173085,1
6,gostop,11,Stop,721,3109,227,607,1.93907460666907,929,0.887667245924456,830,-1.52540962021412,0,0,0,797.388298474045,734.773604608469,762.386116201839,699.96897770535,205.219446503529,0.00732649507524121,0,0,0,0,0,0,0,0,0,725.016607390723,1.0515429694026,0.965452336636098,0
6,gostop,12,Go,571,2530,248,746,34.0599609800899,819,33.5688827775615,817,31.0853637615905,0,0,0,6.76619800827646,735.090996536992,1035.8497342272,956.930028406969,3.49900390830016,1.88002824408516,0,0,0,0,0,0,0,0,0,725.016607390723,1.42872552665399,1.31987325345675,1
6,gostop,13,Go,621,2721,239,671,34.1414917925322,848,33.2684308873535,845,30.4048903499263,0,0,0,531.596361271732,733.631262914009,854.365927147031,920.354282495673,3.74781232519767,1.90864853266296,0,0,0,0,0,0,0,0,0,725.016607390723,1.17840876807198,1.26942510435444,1
6,gostop,14,Stop,671,2909,227,615,1.98581177419972,881,0.827158426533484,805,-1.68240015155525,0,0,0,734.463845888009,734.839568385765,754.188475885314,674.747345075294,207.011169679694,1.99163861518337,0,0,0,0,0,0,0,0,0,725.016607390723,1.04023613831355,0.930664674708151,0
6,gostop,15,Go,671,2859,177,609,33.9871591882123,867,33.2338815632617,864,29.7369792443219,0,0,0,652.576766883962,734.581944841274,739.695320518861,969.685339895076,3.76992535991692,2.87913194123242,0,0,0,0,0,0,0,0,0,725.016607390723,1.02024603709557,1.33746638354244,1
7,free,1,Go,646,2980,398,776,29.6229168243347,939,28.6235265546867,935,25.269116465355,0,0,0,860.295594425227,863.662789551144,881.759950267521,1072.00454778738,89.4098714895367,2.49442758876646,0,0,0,0,0,0,0,0,0,860.478816649426,1.0247317344789,1.24582328704105,1
7,free,2,Go,646,2923,341,801,29.8509984153337,931,28.820795850628,927,24.9690767609937,0,0,0,852.748466740899,865.275284585167,887.185683747377,1023.75841470926,74.0828271817384,2.73701964714912,0,0,0,0,0,0,0,0,0,860.478816649426,1.03103721623496,1.18975434943956,1
7,free,3,Go,646,2880,298,824,30.5119420374402,926,29.4639793132919,922,24.5339520717941,0,0,0,851.839807687145,865.30360319266,867.780210729331,1185.21213231509,57.6738860970809,1.83441619868491,0,0,0,0,0,0,0,0,0,860.478816649426,1.00848526882781,1.37738676348842,1
7,free,4,Go,646,2937,355,783,30.3061667538574,930,29.2213616176056,926,25.0367339598828,0,0,0,854.272970688967,863.365479644912,885.346665424071,1040.5323382351,91.3085692440339,1.91216067454629,0,0,0,0,0,0,0,0,0,860.478816649426,1.02890001275276,1.20924805829245,1
7,free,5,Go,646,2996,414,836,30.7860350997431,958,29.5934934071261,954,25.0369711653402,0,0,0,857.444738033535,864.188497617795,895.206477344147,1087.13990336721,69.4006879124191,1.92792683843076,0,0,0,0,0,0,0,0,0,860.478816649426,1.04035853064919,1.26341274454654,1
7,free,6,Go,646,2807,225,789,30.6157299827583,899,29.7256098333059,896,27.6286213588062,0,0,0,858.6534217049,863.958639749606,888.026193693483,1128.3495789816,71.4910082294353,2.21329958951425,0,0,0,0,0,0,0,0,0,860.478816649426,1.03201400953869,1.3113043077286,1
7,free,7,Go,646,2785,203,763,30.6057601193468,887,28.9597100158856,882,20.5362095511268,0,0,0,332.891321401078,863.968890669059,948.137334915614,1100.67850293321,4.13720252553665,2.49378773088078,0,0,0,0,0,0,0,0,0,860.478816649426,1.10187179111221,1.27914654217647,1
7,free,8,Go,646,2949,367,787,30.5422980134618,934,29.2708587356286,930,24.0418413098548,0,0,0,869.035065311213,863.478055968979,881.806873854367,1010.16190475566,92.1271574454693,1.59839011515641,0,0,0,0,0,0,0,0,0,860.478816649426,1.02478626642779,1.17395325161993,1
7,free,9,Go,646,2893,311,819,30.1412344539607,928,29.0312376497789,924,24.5685175167228,0,0,0,861.653392616532,864.343655100424,886.364299117796,1088.591233889,65.761302062016,2.0493374838294,0,0,0,0,0,0,0,0,0,860.478816649426,1.03008264929654,1.26509939910876,1
7,free,10,Go,646,3067,485,837,30.5543593246356,976,29.7050447443381,973,27.2246381996642,0,0,0,857.607968987975,864.208228967272,876.905286522149,1072.57368594617,96.8534062698537,1.96542941420222,0,0,0,0,0,0,0,0,0,860.478816649426,1.01908991779331,1.24648470734306,1
7,free,11,Go,646,3130,548,866,30.4088822595736,999,29.4294137978603,996,26.284609233846,0,0,0,853.185978224301,865.352571021119,883.430777607623,1065.82281111676,107.672530617071,1.89780517911303,0,0,0,0,0,0,0,0,0,860.478816649426,1.02667347587657,1.23863922097107,1
7,free,12,Go,646,3179,597,893,30.1457222216075,1018,29.1637278055978,1014,24.350921618848,0,0,0,863.398524338336,864.842969154344,873.193091041184,1077.39390757637,58.3360256099822,2.55612163398671,0,0,0,0,0,0,0,0,0,860.478816649426,1.01477581335618,1.25208649734293,1
7,free,13,Go,646,3127,545,805,30.930482404257,983,30.0512952821999,980,26.5396937498641,0,0,0,849.178784822792,865.783990743599,895.419718049206,1102.11504413223,107.666540933485,1.93094666283704,0,0,0,0,0,0,0,0,0,860.478816649426,1.04060634698229,1.28081600942101,1
7,free,14,Go,646,3199,617,797,30.4717107515051,999,29.4862614786906,995,24.5339223395453,0,0,0,849.134223766136,863.826739761043,896.508332236124,1101.96793818147,75.4447570387138,1.98459668966899,0,0,0,0,0,0,0,0,0,860.478816649426,1.04187147305612,1.28064505117321,1
7,free,15,Go,646,3375,793,801,30.526430429783,1044,29.3417621841159,1040,23.7614151784363,0,0,0,893.806506169954,864.532662456548,882.725636216752,1109.80622238693,101.530562940155,2.20596108210385,0,0,0,0,0,0,0,0,0,860.478816649426,1.02585400028086,1.28975426345572,1
7,simple,1,Go,571,2481,199,575,31.1068575524843,764,30.1747048671909,760,25.4397264509458,0,0,0,887.303942646733,865.135387319373,915.923002897903,1160.37360101097,74.2232421159022,2.01823542531183,0,0,0,0,0,0,0,0,0,860.478816649426,1.06443410944661,1.34852082184811,1
7,simple,2,Go,721,NaN,NaN,NaN,NaN,860,NaN,857,26.6391771903279,0,0,0,34.9600133666347,862.762139088609,837.17041703423,1102.24869311187,3.3195444540849,0.813721517274344,0,0,1,0,0,0,0,0,0,860.478816649426,NaN,NaN,1
7,simple,3,Go,671,2859,177,597,31.4264387884363,864,30.2917441755663,860,24.3956782078375,0,0,0,860.478816649426,862.793607402142,900.559609057436,1150.72729842236,60.5566403668441,-0.786010283231239,0,0,0,0,0,0,0,0,0,860.478816649426,1.04657963872263,1.33731043246726,1
7,simple,4,Go,721,3023,NaN,NaN,31.1435123138752,911,29.8987902883168,905,19.0888629964437,0,0,0,856.663849191502,865.089197301895,889.325975141152,1093.71494057466,70.2834097521282,1.31070607879576,0,0,0,1,0,0,0,0,0,860.478816649426,1.03352454230547,1.27105388234125,1
7,simple,5,Go,621,2659,177,653,31.2625254933305,828,30.1771993203216,824,24.064435558032,0,0,0,850.072886071318,865.339150855298,890.921798700764,1149.08274408098,69.5210153920944,1.32717107044559,0,0,0,0,0,0,0,0,0,860.478816649426,1.03537911853528,1.33539922406845,1
7,simple,6,Go,571,2428,NaN,NaN,31.5437861922771,765,30.5765140313173,761,25.6080464407323,0,0,0,871.215045940384,864.837128687795,910.822492137685,1244.66178438534,114.224124153174,1.8414900154633,0,0,0,1,0,0,0,0,0,860.478816649426,1.05850658321176,1.44647579963893,1
7,simple,7,Go,621,2641,159,595,31.1394949983907,809,30.1726392994647,805,25.7276195527769,0,0,0,859.436089042856,864.5812441473,874.502050806959,1135.3230493032,79.12426655687,1.11333327886975,0,0,0,0,0,0,0,0,0,860.478816649426,1.01629701264714,1.31940848204024,1
7,simple,8,Go,721,NaN,NaN,NaN,NaN,824,NaN,819,22.7522320708986,0,0,0,922.264397039447,859.773285880501,973.896444611004,1093.87655075672,3.14538623205645,-1.9310745610598,0,0,1,0,0,0,0,0,0,860.478816649426,NaN,NaN,1
7,simple,9,Go,571,2462,180,646,31.3751233835915,777,30.2940329922162,773,24.9777030748146,0,0,0,926.80145316246,864.728770848093,884.548386610648,1149.07325297544,3.67262364565081,2.45195295294421,0,0,0,0,0,0,0,0,0,860.478816649426,1.02797229809206,1.33538819404033,1
7,simple,10,Go,571,2440,158,624,31.2117953316535,766,29.9741211881,762,23.8903920708942,0,0,0,922.56555837215,863.964867969867,864.13725118181,1169.94197631204,92.4877217564937,1.09473063823729,0,0,0,0,0,0,0,0,0,860.478816649426,1.00425162649167,1.35964064852592,1
7,simple,11,Go,671,2854,172,534,31.3624946063239,847,30.2235938867653,843,24.2906170525119,0,0,0,869.442635156892,865.366229241503,902.833476434593,1184.21699985546,42.7225521612534,-0.318625557371379,0,0,0,0,0,0,0,0,0,860.478816649426,1.04922219927515,1.37623027661114,1
7,simple,12,Go,721,3028,NaN,NaN,30.7531991731603,910,29.5675162201071,906,23.9152421124682,0,0,0,847.026974533562,865.53434182476,874.078962810682,1171.55018882892,73.3249285353372,1.7929405948849,0,0,0,1,0,0,0,0,0,860.478816649426,1.0158053236153,1.36150962250385,1
7,simple,13,Go,671,2856,174,592,30.7878985225707,862,29.7964225102187,858,25.9039144806833,0,0,0,869.656500023246,864.102625782542,901.856793420979,1135.43603310981,71.7199253823877,-0.802453023525314,0,0,0,0,0,0,0,0,0,860.478816649426,1.04808715330457,1.3195397854546,1
7,simple,14,Go,621,2670,188,626,31.3287458958134,824,30.5341416943678,821,27.2223869532974,0,0,0,859.556814905094,864.231104331583,902.991234857381,1094.28048594808,109.982702581833,2.37741811989548,0,0,0,0,0,0,0,0,0,860.478816649426,1.04940553722576,1.27171112731054,1
7,simple,15,Go,671,2720,NaN,NaN,31.0214404497994,847,30.0031224418093,843,24.6313222359902,0,0,0,879.088563644116,865.027247933963,862.539359315396,1150.99337931119,4.02387987292336,-0.285262325809704,0,0,0,1,0,0,0,0,0,860.478816649426,1.00239464659222,1.33761965668485,1
7,gonogo,1,Go,671,2887,205,669,31.0422604972913,889,29.3616415030868,884,20.7245751989272,0,0,0,859.663404628047,869.032791013396,923.346102850912,1041.10605266671,135.545524786848,1.18863266428734,0,0,0,0,0,0,0,0,0,860.478816649426,1.07306081798304,1.2099147968809,1
7,gonogo,2,NoGo,571,2557,275,443,1.6071422803803,750,0.651618471962566,510,0.542118546638166,0,0,0,861.039493064541,870.38199160707,915.174870756876,686.810430090409,190.083214088548,2.6445935267453,0,0,0,0,0,0,0,0,0,860.478816649426,1.06356467242323,0.798172385887133,0
7,gonogo,3,Go,671,2888,206,708,30.8167548334099,899,29.7145982885084,896,26.372471469061,0,0,0,886.182844470358,870.401539737191,908.959912430258,1111.33587395414,24.3049338338626,2.75488746586395,0,0,0,0,0,0,0,0,0,860.478816649426,1.05634199801642,1.29153193832419,1
7,gonogo,4,Go,671,2912,230,752,30.8727435213323,916,29.8604918390371,912,25.1882879260097,0,0,0,729.93922343847,871.242353412643,888.655418331802,1145.915359355,57.2494731657861,3.94306949201649,0,0,0,0,0,0,0,0,0,860.478816649426,1.03274525896185,1.33171826799528,1
7,gonogo,5,Go,571,2593,311,675,30.8253788857533,817,29.7120188189542,813,24.6483220497138,0,0,0,883.055178991413,869.185822263246,885.917194786876,1137.5318534321,79.1296638026799,1.80652659201871,0,0,0,0,0,0,0,0,0,860.478816649426,1.0295630498337,1.3219754297514,1
7,gonogo,6,Go,721,3072,190,716,31.1225798808799,947,29.9715271256616,942,22.1729861188568,0,0,0,858.871587808669,869.797139157184,904.0967019056,1172.90611726902,37.8669916946175,1.41920396473071,0,0,0,0,0,0,0,0,0,860.478816649426,1.05069024874548,1.36308540614182,1
7,gonogo,7,Go,571,2481,199,659,31.1195095871314,785,29.9374801643638,781,25.6744010577477,0,0,0,873.121382447773,868.6086394039,892.710644574969,1141.14704501034,55.7736092951383,2.13551293597166,0,0,0,0,0,0,0,0,0,860.478816649426,1.03745801442393,1.32617680171814,1
7,gonogo,8,Go,671,2890,208,678,31.5574894053717,892,30.6319741719625,888,25.7023085009098,0,0,0,855.593834299737,868.409130055783,901.130654885122,1172.98747502079,57.0107883699547,1.98170579756514,0,0,0,0,0,0,0,0,0,860.478816649426,1.04724327600996,1.36317995553711,1
7,gonogo,9,Go,571,2549,267,635,31.3611607061046,796,30.4269124714942,792,26.5426775749813,0,0,0,350.194249530091,868.658132393543,884.899353119885,1196.26263711246,2.81605771761915,2.01501970047417,0,0,0,0,0,0,0,0,0,860.478816649426,1.0283801715951,1.39022903756135,1
7,gonogo,10,Go,621,2678,196,662,31.3761139161561,835,30.3696914307581,831,25.6732204987714,0,0,0,849.972802392916,872.158154693753,880.220305645184,1155.34879445523,26.6834426184279,4.14585361348795,0,0,0,0,0,0,0,0,0,860.478816649426,1.02294244624479,1.34268127477441,1
7,gonogo,11,Go,621,2669,187,623,31.022125208698,823,29.7115177495891,818,23.6780045957728,0,0,0,919.572345020015,867.310213216634,896.513840664426,1183.35550551468,46.498625805136,0.723783386728921,0,0,0,0,0,0,0,0,0,860.478816649426,1.04187787464114,1.3752290964262,1
7,gonogo,12,Go,721,3075,193,645,31.458563426625,930,30.1928626819663,925,22.5063793867309,0,0,0,856.843867131276,869.17788715269,897.326944877091,1174.22684035037,26.4928251571164,2.48474763809122,0,0,0,0,0,0,0,0,0,860.478816649426,1.04282281854555,1.36462027609538,1
7,gonogo,13,Go,721,3070,188,718,30.9761699858667,947,29.9313996015617,942,22.9705369774421,0,0,0,821.217018169291,867.895133339221,884.522446459758,1125.15594651092,36.2900231268671,1.92572247066658,0,0,0,0,0,0,0,0,0,860.478816649426,1.02794215191021,1.30759284800538,1
7,gonogo,14,Go,671,2872,190,712,31.1108513031898,896,29.9666018742313,892,24.9268169452446,0,0,0,863.929917450748,868.839674312527,903.476915135906,1160.5729593952,53.5120867833737,2.70032846777541,0,0,0,0,0,0,0,0,0,860.478816649426,1.04996996748149,1.34875250493009,1
7,gonogo,15,NoGo,571,2459,177,NaN,1.36887002641908,355,0.742700506425553,184,-0.235311484415773,0,0,0,845.067241897071,866.43108501617,880.195705478958,709.027067451783,213.083080481201,-1.31342813826481,0,0,0,0,0,0,0,0,0,860.478816649426,1.02291385731761,0.823991310108744,0
7,gostop,1,Go,621,2721,239,731,31.3207072740836,863,30.0557334025651,859,23.9909711747731,0,0,0,856.125493873266,867.597836495869,879.819051906115,1128.85224664529,79.0085037102059,2.32876418887386,0,0,0,0,0,0,0,0,0,860.478816649426,1.0224761317565,1.31188847976626,1
7,gostop,2,Go,571,2499,217,665,31.2115874739689,791,30.2743129788489,787,25.3370719519403,0,0,0,915.422266795643,867.793105736448,888.155780988043,1098.60106874416,90.2080952948798,0.476019015038949,0,0,0,0,0,0,0,0,0,860.478816649426,1.03216460859128,1.27673226520781,1
7,gostop,3,Stop,671,2982,300,322,1.26228251589071,826,0.650222744629961,618,0.459125548363179,0,0,0,867.066974159519,868.077522179108,895.668535883245,776.999487733843,149.638165909284,1.16941033011448,0,0,0,0,0,0,0,0,0,860.478816649426,1.04089550905023,0.902985027289064,0
7,gostop,4,Go,671,2865,NaN,NaN,NaN,911,NaN,925,3.43537636271671,0,0,0,666.16366421311,868.797502230239,949.693932781914,903.036522217212,106.559613996749,2.45597991976242,0,0,0,0,0,0,1,1,1,860.478816649426,NaN,NaN,1
7,gostop,5,Stop,671,2868,186,788,1.59125315788092,914,0.948340928803165,917,0.93858369506665,0,0,0,812.840915803391,867.082515085935,901.114906286587,593.863798921965,101.249804405577,2.42942793816932,0,0,0,0,0,0,0,0,0,860.478816649426,1.04722497387605,0.690155047900401,0
7,gostop,6,Go,571,2531,249,649,31.4887764739375,795,30.4196442114533,792,26.9356603905353,0,0,0,844.647317028823,867.573367619992,887.467895074517,1112.74522359775,4.05839737327296,1.20669884861284,0,0,0,0,0,0,0,0,0,860.478816649426,1.03136518633914,1.29316980507505,1
7,gostop,7,Stop,621,2643,161,769,1.89166701592695,853,1.12958147351569,854,1.12781013522284,0,0,0,863.957517727468,867.843922383948,907.668491672897,862.16346079526,97.0098157618765,2.45491684930982,0,0,0,0,0,0,0,0,0,860.478816649426,1.05484118157286,1.00195779851083,0
7,gostop,8,Go,721,3080,198,660,32.1637800852863,935,31.0607405085619,931,26.0382997697451,0,0,0,888.345429399746,868.607240093229,913.207411515929,1207.70601927127,28.6426633538649,1.77363333634321,0,0,0,0,0,0,0,0,0,860.478816649426,1.0612782021431,1.40352789156843,1
7,gostop,9,Go,571,2561,279,691,32.0260264712698,813,30.7346011722784,810,26.8771912111619,0,0,0,868.406700891504,867.58284671706,884.059970262903,1121.64769040962,99.341846350993,2.11688457656902,0,0,0,0,0,0,0,0,0,860.478816649426,1.02740468813085,1.30351575042503,1
7,gostop,10,Go,671,2900,218,592,32.6638276016149,873,31.2986529988524,870,27.6543338631523,0,0,0,880.70503369699,867.971126005877,906.822110694815,1119.60236708285,3.71508886339443,1.01453905029974,0,0,0,0,0,0,0,0,0,860.478816649426,1.05385756528655,1.30113879089134,1
7,gostop,11,Go,571,2484,202,668,31.7081529408851,788,30.5701813867856,784,26.7143143621018,0,0,0,905.869526176994,866.360912808536,906.831738818519,1157.10910278716,3.30221054419156,3.42046318697131,0,0,0,0,0,0,0,0,0,860.478816649426,1.05386875454945,1.34472700593928,1
7,gostop,12,Go,621,2675,193,653,31.6428220653949,832,30.6652186678464,829,27.3644904103577,0,0,0,817.905112870379,863.978742782432,916.045646077699,1184.47488746862,2.83652469901315,1.92667404427979,0,0,0,0,0,0,0,0,0,860.478816649426,1.06457663844026,1.37652997906536,1
7,gostop,13,Stop,721,3080,198,728,2.16195587449005,952,1.38768719337783,959,1.33854611823646,0,0,0,868.052147725003,864.756275089107,903.204852759173,899.289721996747,150.799286932022,1.75183387883941,0,0,0,0,0,0,0,0,0,860.478816649426,1.04965379191566,1.04510384752811,0
7,gostop,14,Go,621,2737,255,647,32.1938522197174,846,31.2071296480725,842,26.7607055098675,0,0,0,867.557548541221,863.77337125752,885.626678337377,1165.40225164538,66.0475176991342,1.45204928831608,0,0,0,0,0,0,0,0,0,860.478816649426,1.02922542798424,1.35436483629345,1
7,gostop,15,Stop,721,3098,216,750,1.81843785077721,962,1.25100705573197,959,1.24259730209329,0,0,0,861.835014737435,864.505141667328,897.666753835157,887.872727791292,148.713282352789,0.58077673018805,0,0,0,0,0,0,0,0,0,860.478816649426,1.04321772537125,1.03183566011367,0
8,free,1,Go,646,2874,292,746,32.0267334844428,905,31.4716890734265,902,29.1757845842446,0,0,0,633.120654639632,615.278855409108,621.581764891545,736.019938233368,102.184366650598,2.1810676876145,0,0,0,0,0,0,0,0,0,626.526009825477,0.992108476174342,1.17476357994841,1
8,free,2,Go,646,2899,317,717,32.1987722142995,904,31.6647087120431,902,30.4506077988342,0,0,0,622.178812219803,615.076565684853,642.147963605593,711.1680204938,120.354996611171,1.97048052236909,0,0,0,0,0,0,0,0,0,626.526009825477,1.02493424620068,1.13509736122831,1
8,free,3,Go,646,2868,286,752,32.1462834613261,905,31.5834073691797,903,29.81682236396,0,0,0,619.061639483311,615.067672292022,627.290679731099,800.151099567285,134.745274258764,2.60791053260157,0,0,0,0,0,0,0,0,0,626.526009825477,1.00122049187684,1.2771235144574,1
8,free,4,Go,646,2846,264,682,31.7784285501026,882,31.4422149413144,880,30.1281795808307,0,0,0,616.762731767211,614.509030002247,635.722151694767,696.361160237344,124.277858722612,2.11803541415432,0,0,0,0,0,0,0,0,0,626.526009825477,1.01467798898222,1.11146408818896,1
8,free,5,Go,646,2806,224,662,32.0900985079854,867,31.6806688251458,865,30.789722630726,0,0,0,632.752049370787,614.677634572274,661.780884902405,725.032268047493,117.995187643867,2.30479889225599,0,0,0,0,0,0,0,0,0,626.526009825477,1.05627040940686,1.15722612737092,1
8,free,6,Go,646,2851,269,665,32.0292091074888,879,31.6789756501231,877,30.7837224566281,0,0,0,625.477020038218,616.209764373792,661.304553693298,761.542721674583,137.326964593918,2.75085089776607,0,0,0,0,0,0,0,0,0,626.526009825477,1.05551013576836,1.21550056938054,1
8,free,7,Go,646,2839,257,701,32.0382775499819,885,31.4580181364469,883,29.5107989835622,0,0,0,624.674239047151,616.201090131872,641.302099544249,704.090262617326,104.187827296387,2.67965076800287,0,0,0,0,0,0,0,0,0,626.526009825477,1.02358416009399,1.12380053114388,1
8,free,8,Go,646,2817,235,663,32.236190952384,870,31.73589069293,868,29.8451699838247,0,0,0,666.065124507098,614.816360881588,650.466510089638,758.662874795593,99.473232277582,2.32247747759898,0,0,0,0,0,0,0,0,0,626.526009825477,1.03821150261715,1.21090403733905,1
8,free,9,Go,646,2871,289,673,31.8592579901326,886,31.4804729645467,884,30.1555789526567,0,0,0,616.748286176903,615.141772095554,640.287354556181,775.234292901645,129.122552202857,1.66699686327409,0,0,0,0,0,0,0,0,0,626.526009825477,1.02196452264534,1.23735372633227,1
8,free,10,Go,646,2788,206,640,31.5123200682132,857,31.0454434350561,855,29.4140018323724,0,0,0,649.019265247347,615.321749807194,646.585387906544,760.988587809072,122.399727928276,1.55307240974872,0,0,0,0,0,0,0,0,0,626.526009825477,1.03201683212905,1.21461611469419,1
8,free,11,Go,646,2822,240,674,31.9028406237747,874,31.4140969067879,872,30.2351197784498,0,6,0,643.919648605997,615.370462502078,659.475396719228,773.300277033039,120.87785841902,2.43771559901531,0,0,0,0,0,0,0,0,0,626.526009825477,1.05259061296263,1.23426683793774,1
8,free,12,Go,646,2813,231,699,31.8796864192875,878,31.3937885501648,876,29.6440185793497,0,0,0,611.313239184451,614.58836046191,655.179839280098,742.909611842891,118.423183890102,1.66243656085918,0,0,0,0,0,0,0,0,0,626.526009825477,1.04573446114807,1.18576020818327,1
8,free,13,Go,646,2824,242,648,31.8884514608218,868,31.3375744021894,865,28.8438902969764,0,10,0,614.141183251886,614.299024327526,645.99210668609,758.952472693956,141.812816816371,1.64330268508982,0,0,0,0,0,0,0,0,0,626.526009825477,1.03106989423477,1.21136626539314,1
8,free,14,Go,646,2834,252,622,31.5890979233456,864,31.1408024007963,862,29.703391052432,0,1,0,624.33013197156,615.742246739837,655.510867323392,799.101209283137,148.532065148074,2.78763929221908,0,0,0,0,0,0,0,0,0,626.526009825477,1.04626281597789,1.2754477814987,1
8,free,15,Go,646,2847,265,665,31.8018592830807,878,31.3273025945725,876,30.2274515578071,0,0,0,626.702047304544,614.253190136469,660.838739165116,726.482308352078,135.576003294808,2.42618299932975,0,0,0,0,0,0,0,0,0,626.526009825477,1.05476664783509,1.15954054094968,1
8,simple,1,Go,671,2906,224,530,30.5250965278378,859,29.892938375165,857,28.9419864608333,0,0,0,629.452331059531,615.298879014503,658.578939891857,616.067695472715,131.824386103011,1.42543333408782,0,0,0,0,0,0,0,0,0,626.526009825477,1.05115977559385,0.983307453818756,1
8,simple,2,Go,621,2728,246,496,30.795828681334,806,30.145502109304,804,29.2581790323683,0,0,0,619.831868871988,614.295533093444,671.579797857434,623.373091152115,120.207951841106,-1.33312284867916,0,0,0,0,0,0,0,0,0,626.526009825477,1.07191048308514,0.994967617267414,1
8,simple,3,Go,721,3140,258,508,30.6592952782303,912,30.1360683603158,910,28.4919180308661,0,0,0,676.28110108697,614.784096578303,685.927542561433,662.807679783828,123.256354557441,-1.64372260737726,0,0,0,0,0,0,0,0,0,626.526009825477,1.094810960446,1.05790927972561,1
8,simple,4,Go,571,2549,267,523,30.4461875194021,768,29.7389055102561,766,28.0210848402801,0,0,0,620.79419712466,614.991346384802,659.029245378913,590.912857226106,137.672472902402,0.000116171545619437,0,0,0,0,0,0,0,0,0,626.526009825477,1.05187850950113,0.943157742789813,1
8,simple,5,Go,671,2889,207,535,30.8016206859626,856,30.1762657216189,854,29.0168185630078,0,0,0,659.599163496912,613.561666872323,648.834695276627,689.957398488024,130.521517489547,-0.828485178630869,0,0,0,0,0,0,0,0,0,626.526009825477,1.0356069582129,1.10124302529789,1
8,simple,6,Go,671,2952,270,556,31.2135961341778,877,30.6167625098926,875,29.875761395253,0,0,0,658.385568989828,614.781398908312,658.998660918694,737.913729478213,135.156733743365,0.560472029625876,0,0,0,0,0,0,0,0,0,626.526009825477,1.05182969355456,1.1777862657031,1
8,simple,7,Go,721,3128,246,492,30.9042052403299,905,30.315806592924,902,28.2599843826719,0,0,0,627.241200200228,614.078043307451,657.185136829068,665.295759872444,131.357312729488,-0.422086127106476,0,0,0,0,0,0,0,0,0,626.526009825477,1.04893512244149,1.06188051164511,1
8,simple,8,Go,621,2714,232,522,31.1094991268565,809,30.3923400205777,806,28.311529276996,0,0,0,624.652519431449,614.271996662086,664.547773925999,667.114045187853,147.261101494156,-1.18073134359369,0,0,0,0,0,0,0,0,0,626.526009825477,1.06068664908439,1.0647826821646,1
8,simple,9,Go,571,2597,315,499,30.7356814757299,774,30.1059044739268,771,27.8129347653713,0,0,0,578.213049973586,613.786995762035,649.30460909863,601.132653138508,94.302099364852,-0.688961507692974,0,0,0,0,0,0,0,0,0,626.526009825477,1.03635698904104,0.959469588989542,1
8,simple,10,Go,721,3125,243,479,30.7882329264743,901,30.0976851009041,898,27.7629239316106,0,0,0,618.267722561925,611.90846004026,649.95033412174,641.536054765651,95.6739687436529,-1.2674205835389,0,0,0,0,0,0,0,0,0,626.526009825477,1.0373876326424,1.02395757670835,1
8,simple,11,Go,621,2712,230,528,30.9293763873889,810,30.2253157152108,807,27.6919638614238,0,0,0,636.990352969614,614.880236351821,667.886514282441,663.362260232934,130.624315707163,0.754814042887634,0,0,0,0,0,0,0,0,0,626.526009825477,1.0660156223498,1.05879444720534,1
8,simple,12,Go,571,2559,277,525,30.9199979596449,771,30.4234427354612,769,28.7733684590403,0,0,0,591.325592876498,613.888362090027,660.031674229005,597.731455920876,129.063232825451,1.21661178389897,0,0,0,0,0,0,0,0,0,626.526009825477,1.05347848912587,0.95404092814499,1
8,simple,13,Go,621,2714,232,494,30.9616828764367,802,30.3489058012827,800,29.3346489592465,0,108,0,637.425202166039,615.187405780028,679.160763386751,632.129581079037,126.263645910907,-0.599271455098776,0,0,0,0,0,0,0,0,0,626.526009825477,1.08401048437867,1.00894387649624,1
8,simple,14,Go,721,3137,255,563,31.282526239579,925,30.5895073258388,923,28.7833219880799,0,2,0,621.998799449013,615.108603000104,684.447464171879,674.204229010476,116.640784649969,0.410581046239385,0,0,0,0,0,0,0,0,0,626.526009825477,1.09244860299182,1.07609934533808,1
8,simple,15,Go,671,2912,230,540,31.2663229400433,863,30.6966744505132,861,29.5888087179094,0,0,0,626.34997234641,614.558634778441,666.750343894276,670.241356963535,131.414009004843,0.300574273518188,0,0,0,0,0,0,0,0,0,626.526009825477,1.06420217746427,1.06977419365277,1
8,gonogo,1,Go,721,3122,240,602,30.9792081028309,931,30.5142190655266,929,29.6330967393571,0,0,0,625.239479447378,616.157727681712,664.298020568751,684.353161549455,156.953854963288,1.34202692843203,0,0,0,0,0,0,0,0,0,626.526009825477,1.06028801701911,1.09229808629986,1
8,gonogo,2,Go,671,2942,260,542,30.8660132434269,871,30.3702074837652,870,29.7696109026163,0,0,0,623.659344245899,614.567464414573,650.512245744784,634.582747544644,152.776192408149,1.10993938463766,0,0,0,0,0,0,0,0,0,626.526009825477,1.03828450143034,1.01285938267976,1
8,gonogo,3,NoGo,621,2740,258,2132,1.38704379190806,1218,0.51038040481928,788,-1.15380427901816,0,0,0,633.616881588275,614.683038238264,672.730864432487,497.863833411443,155.641394900418,1.67891844096594,0,0,0,0,0,0,0,0,0,626.526009825477,1.0737477038182,0.794641923246134,0
8,gonogo,4,Go,721,3113,231,511,30.4941410110521,906,30.0701390745874,904,29.1909103798502,0,0,0,625.360621780242,616.336075908757,670.363952963759,618.762419353374,166.043702808523,-0.183859668146283,0,0,0,0,0,0,0,0,0,626.526009825477,1.06996986948793,0.987608510500202,1
8,gonogo,5,NoGo,671,2957,275,2043,1.0902044372764,1250,0.33944505125786,884,-0.572704839660113,0,0,0,612.899572131824,613.698704387936,646.529044671165,432.199166249579,148.019085153499,1.58011215243345,0,0,0,0,0,0,0,0,0,626.526009825477,1.03192690252598,0.689834355591991,0
8,gonogo,6,Go,621,2712,230,576,30.6094137554083,822,30.0180426199962,820,28.4121189203412,0,0,0,656.460586074305,616.196100506978,649.993046488007,613.283175543036,144.124801714619,0.712750755081575,0,0,0,0,0,0,0,0,0,626.526009825477,1.03745580597534,0.978863073400369,1
8,gonogo,7,NoGo,721,3125,243,1875,0.873112557923542,1250,0.307777454778876,883,-0.806226230381096,0,0,0,611.039683626332,615.123573264767,626.288817357151,491.911286124592,152.001219312848,1.91867430719155,0,0,0,0,0,0,0,0,0,626.526009825477,0.999621416406332,0.785141045080661,0
8,gonogo,8,Go,621,2784,302,600,30.906409153283,846,30.5960809536875,844,29.4090957649643,0,0,0,634.566232692019,615.680526913132,687.493639754665,677.740762908771,154.541425314927,0.940589516457275,0,0,0,0,0,0,0,0,0,626.526009825477,1.09731061276478,1.08174401745517,1
8,gonogo,9,Go,621,2756,274,536,31.177848456464,823,30.6356022600519,821,29.476324295539,0,0,0,655.655824164994,617.418096715021,653.52510296111,729.89953595961,128.797115800841,1.82704201823463,0,0,0,0,0,0,0,0,0,626.526009825477,1.04309333166097,1.16499478794652,1
8,gonogo,10,Go,571,2617,335,523,30.6434683337432,785,30.1397488638527,782,28.3088052659265,0,0,0,641.377785761102,615.831831229241,666.412290151419,633.054561216263,145.655609472566,1.15935342644751,0,0,0,0,0,0,0,0,0,626.526009825477,1.0636626088948,1.01042024000345,1
8,gonogo,11,NoGo,721,3123,241,NaN,0.976822635330848,410,0.340318321737337,468,-0.254379025540177,0,0,0,611.437052501313,614.946472254198,637.202279328129,491.646777954134,102.880482079097,1.85456773677446,0,0,0,0,0,0,0,0,0,626.526009825477,1.01704042503459,0.784718862814786,0
8,gonogo,12,Go,671,2919,237,525,31.0966723151745,861,30.5543163963063,859,29.22685685536,0,0,0,668.802808514757,615.623901271123,643.489876867152,663.765275795887,145.601696212513,0.613601904360806,0,0,0,0,0,0,0,0,0,626.526009825477,1.02707607788925,1.0594377015262,1
8,gonogo,13,Go,671,2911,229,549,30.9490638206084,865,30.2170514718593,863,28.3005085479012,0,0,0,626.14858048416,615.616021591387,653.286083259332,741.582521716201,129.359082104999,-0.399589586597611,0,0,0,0,0,0,0,0,0,626.526009825477,1.04271183161463,1.18364203574369,1
8,gonogo,14,Go,571,2554,272,538,31.1300746959834,773,30.3567074599927,771,28.4674271151913,0,0,0,635.750531903206,614.899572941945,674.405362587164,722.507719177257,109.288877668151,-0.149490481041865,0,0,0,0,0,0,0,0,0,626.526009825477,1.07642037522915,1.15319668752222,1
8,gonogo,15,NoGo,571,2547,265,2141,0.800207782503386,1172,0.369391421590148,705,-0.566128165714684,0,0,0,611.827881130661,614.440302002861,635.497894542638,462.140766497625,167.259922776811,0.876133808638193,0,0,0,0,0,0,0,0,0,626.526009825477,1.01432005148463,0.73762423147661,0
8,gostop,1,Go,571,2556,274,548,31.7088873145908,776,31.195674140064,775,30.6034355684395,0,0,0,634.624686361441,613.885685844152,697.560301169397,685.343504273995,108.843280939348,2.18649693338462,0,0,0,0,0,0,0,0,0,626.526009825477,1.11337804054409,1.0938787752242,1
8,gostop,2,Go,621,2749,267,595,31.6312010573013,836,31.1528612273249,834,29.3264008201771,0,0,0,654.092265957388,615.806183217871,692.088466408177,638.992575789238,87.1708214769953,1.52509395098306,0,0,0,0,0,0,0,0,0,626.526009825477,1.10464442904926,1.01989792246172,1
8,gostop,3,Stop,671,2935,253,545,0.896481933702817,870,0.247465765875081,775,-0.501057624902303,0,0,0,608.005091591424,616.508351778922,678.033475060595,504.135827230548,136.266002797583,2.89764122242862,0,0,0,0,0,0,0,0,0,626.526009825477,1.08221121617834,0.804652670957713,0
8,gostop,4,Go,621,2781,299,607,31.3612915015672,847,30.9337170426396,845,29.5534007765265,0,0,0,663.269855735835,615.712889976047,693.806043501626,638.572464904741,95.9701601403916,2.00392665524554,0,0,0,0,0,0,0,0,0,626.526009825477,1.10738585888061,1.01922738224806,1
8,gostop,5,Stop,721,3148,266,508,0.810287996136303,914,0.296107364139694,845,-0.0747937175499813,0,0,0,619.074192314014,616.270218200866,673.660129156544,492.215668076801,133.797621707071,2.74983180086132,0,0,0,0,0,0,0,0,0,626.526009825477,1.07523090596701,0.78562687000642,0
8,gostop,6,Go,671,2945,263,635,31.6227062794392,895,31.2764393795691,894,30.7723793816788,0,0,0,627.477155596994,615.851606981043,683.475705140573,676.437689769897,141.951919258618,1.49621165241365,0,0,0,0,0,0,0,0,0,626.526009825477,1.0908975755547,1.07966417860022,1
8,gostop,7,Go,621,2728,246,620,31.8804169174962,837,31.4977785544591,835,30.3909530217507,0,0,0,649.155643435648,616.614595605691,679.236806774597,722.122429191527,130.970977778414,2.37666689066236,0,0,0,0,0,0,0,0,0,626.526009825477,1.08413185745282,1.1525817250471,1
8,gostop,8,Go,721,3122,240,602,31.5967127616641,931,31.3464091208809,929,30.1569138347695,0,0,0,614.079366807617,615.879748449945,694.553881667906,642.308343424515,138.561312976315,2.27837548921631,0,0,0,0,0,0,0,0,0,626.526009825477,1.10857948556897,1.02519022889957,1
8,gostop,9,Go,571,2571,289,613,31.7882133151666,796,31.2563837192723,794,29.3743387750663,0,0,0,631.637055651958,614.688684236529,675.850539036085,653.551046970699,98.1520398523602,0.899003136572947,0,0,0,0,0,0,0,0,0,626.526009825477,1.07872702559363,1.04313474097069,1
8,gostop,10,Go,571,2601,319,575,32.0443521354956,794,31.7201824608121,792,30.2205967978253,0,0,0,630.616465446131,616.552845345703,655.760298315102,678.246522732484,139.009586930996,2.29495570202714,0,0,0,0,0,0,0,0,0,626.526009825477,1.04666093351458,1.08255126219167,1
8,gostop,11,Stop,721,3140,258,NaN,0.820004626927966,380,0.320231569883908,890,-0.135467654548953,0,0,0,608.649542439319,615.448948635734,680.732517774447,458.674066452834,159.310783414259,0.75181327250857,0,0,0,0,0,0,0,0,0,626.526009825477,1.0865191661621,0.732091021377709,0
8,gostop,12,Go,671,2954,272,582,31.565757225834,884,31.0496928270322,882,30.2497827536658,0,0,0,627.663501187582,615.473476519151,697.834127726635,624.134350146825,155.823520758835,0.56227584533814,0,0,0,0,0,0,0,0,0,626.526009825477,1.11381509591441,0.996182664979354,1
8,gostop,13,Stop,621,2725,243,NaN,1.31630421101415,1,0.282482523309202,97,0.186643205288359,0,0,0,638.400267784253,616.123975872378,652.603334556965,463.806135253064,163.304256232751,2.42055756080969,0,0,0,0,0,0,0,0,0,626.526009825477,1.04162209441034,0.740282331426687,0
8,gostop,14,Go,571,NaN,NaN,NaN,NaN,817,NaN,815,29.5076563122562,0,0,0,623.324272631152,612.511184234446,672.144313085082,645.484899050898,114.591987326862,1.6770198542304,0,0,1,0,0,0,0,0,0,626.526009825477,NaN,NaN,1
8,gostop,15,Stop,671,2931,249,2069,1.06682083821851,1250,0.419862040140377,796,-0.917135408051509,0,0,0,658.227947847862,615.106565939034,660.882441148826,476.36519230395,114.759325761053,1.45170133210091,0,0,0,0,0,0,0,0,0,626.526009825477,1.05483640069934,0.76032787918357,0
9,free,1,Go,646,2921,339,619,32.8945351252468,885,31.7848241673877,881,26.7283789779897,0,0,0,786.647638993164,801.698175308847,902.623944505546,789.711988713031,41.4360072766395,1.51668040048568,0,0,0,0,0,0,0,0,0,796.791542253678,1.13282319984538,0.991114923834881,1
9,free,2,Go,646,2821,239,583,32.9840317477289,851,31.7073360883632,847,26.068857517563,0,0,0,791.900633858453,800.37416295782,862.405528266095,848.941688445332,91.5007834790832,0.462861382033542,0,0,0,0,0,0,0,0,0,796.791542253678,1.08234774408728,1.06545017539236,1
9,free,3,Go,646,2863,281,581,32.8096511955572,861,31.5827068741448,857,27.1569221263198,0,0,0,516.043086999785,519.391739086549,862.869331031767,540.983432842912,107.223293256887,-279.187585410437,1,1,0,0,0,0,0,0,0,796.791542253678,NaN,NaN,1
9,free,4,Go,646,2856,274,588,33.479771302948,861,32.4555238120073,857,27.5502585924794,0,0,0,797.130244022257,799.068622343416,817.924564925963,834.515217321026,121.896665746332,1.00674479633237,0,0,0,0,0,0,0,0,0,796.791542253678,1.02652264934002,1.04734447225764,1
9,free,5,Go,646,2827,245,561,33.7479616063482,847,32.5346755598838,843,28.0869301890693,0,0,0,795.507124909198,799.194047248445,840.641971983011,814.10073956583,44.1574310384827,0.733643785064607,0,0,0,0,0,0,0,0,0,796.791542253678,1.0550337540046,1.02172362078944,1
9,free,6,Go,646,2841,259,575,33.9426299612397,854,32.670082281414,850,28.3387469422701,0,0,0,796.4528404851,800.314216619042,870.316024798049,827.861931776985,50.0758182660726,-0.497062234391771,0,0,0,0,0,0,0,0,0,796.791542253678,1.09227568146169,1.03899437666648,1
9,free,7,Go,646,2828,246,552,34.2825180421016,845,33.1303265347046,842,30.1523013705753,0,0,0,789.379836952123,798.858490499486,887.172363793072,913.69963759076,36.0072133940988,-1.31329202123581,0,0,0,0,0,0,0,0,0,796.791542253678,1.11343094993674,1.14672356461819,1
9,free,8,Go,646,2877,295,591,33.5909722202671,867,32.1202912256457,862,24.7608647642825,0,0,0,792.749657094414,798.795297848767,860.040479772609,912.657425323201,37.4056842473448,-1.07529768405759,0,0,0,0,0,0,0,0,0,796.791542253678,1.07937952923049,1.14541555341037,1
9,free,9,Go,646,2796,214,568,32.9280023644576,841,31.4418649047813,834,16.019973296789,0,0,0,796.318029941563,799.679646115101,844.077393184451,859.914475291902,30.1630684322994,0.896042440946638,0,0,0,0,0,0,0,0,0,796.791542253678,1.05934532236252,1.07922138939839,1
9,free,10,Go,646,2822,240,574,33.8687019565265,849,32.3524356626616,844,25.5096267213438,0,0,0,792.440538165272,799.349776889698,816.663934168385,1024.00159664705,38.6641583378305,2.05153847819734,0,0,0,0,0,0,0,0,0,796.791542253678,1.0249405156316,1.28515620754548,1
9,free,11,Go,646,2816,234,568,33.770382650242,846,32.3769832627704,841,24.6562465159552,0,0,0,806.665722343477,799.362080310411,824.128198839957,802.600984605375,2.87352816314463,-0.492810211233355,0,0,0,0,0,0,0,0,0,796.791542253678,1.03430841711617,1.00729104419867,1
9,free,12,Go,646,2879,297,581,32.8244588334566,865,31.2045212272179,860,24.7490709699772,0,0,0,795.079237455594,799.596890550427,891.035695335801,775.994780882538,60.7720267935881,-0.859199503997826,0,0,0,0,0,0,0,0,0,796.791542253678,1.11827956006606,0.973899369824738,1
9,free,13,Go,646,2823,241,601,33.185068250081,856,31.7762519828795,849,16.4886272693318,0,0,0,793.573801403415,799.670049052233,861.587014783159,843.553272510109,44.4981164462732,-0.952561599467825,0,0,0,0,0,0,0,0,0,796.791542253678,1.08132048232617,1.05868753340951,1
9,free,14,Go,646,2843,261,577,33.5221010213148,855,31.9510951623708,851,26.2603991370612,0,0,0,795.138336320211,800.052856014191,864.855850376517,822.969747200166,71.893317643012,0.997156996076793,0,0,0,0,0,0,0,0,0,796.791542253678,1.08542298018165,1.03285452161358,1
9,free,15,Go,646,2885,303,575,33.860456871809,865,32.3202779355198,860,25.3630816590922,0,0,0,783.027091786781,799.169760657507,881.106101038125,840.393198775338,73.5267778445151,-0.94380562571709,0,0,0,0,0,0,0,0,0,796.791542253678,1.10581758755366,1.05472153531943,1
9,simple,1,Go,621,2645,163,507,33.9940997247151,788,32.641868695521,784,28.1055696704205,0,0,0,792.594354814931,800.324216646604,853.799659530238,875.896508570826,66.6415412864998,-0.0630694735721143,0,0,0,0,0,0,0,0,0,796.791542253678,1.07154709137012,1.09927937499613,1
9,simple,2,Go,721,3086,204,514,33.3366797424643,900,32.2539891760054,896,27.6400541503235,0,0,0,793.098964076623,798.79261015443,888.122364570646,853.860213428894,79.5479973914894,0.595796444708724,0,0,0,0,0,0,0,0,0,796.791542253678,1.11462323264457,1.07162308853555,1
9,simple,3,Go,571,2507,225,473,33.6413805094026,745,32.183613891244,741,25.6775532497543,0,0,0,805.334374341831,800.777930741988,874.685811255812,805.031591625789,110.222173453269,-1.65414115709342,0,0,0,0,0,0,0,0,0,796.791542253678,1.09775990942601,1.01034153719655,1
9,simple,4,Go,621,2719,237,517,33.9026662349084,809,32.5034891116917,805,27.7570260427393,0,0,0,804.893876411124,800.196529068501,865.093191028761,824.955529220462,40.6284794659804,-2.3920158579789,0,0,0,0,0,0,0,0,0,796.791542253678,1.08572085062788,1.03534674437824,1
9,simple,5,Go,721,3059,177,533,33.7589751634443,898,32.3559304481722,893,25.6593169132714,0,0,0,793.059662515079,799.041456314275,890.720344989791,853.679814630211,38.0982181475004,-0.534042791386019,0,0,0,0,0,0,0,0,0,796.791542253678,1.11788378484847,1.07139668201752,1
9,simple,6,Go,571,2490,208,502,33.9101961192793,748,32.5821443477954,744,27.4574090122688,0,0,0,805.267975896394,800.805746814545,847.6738956045,884.264177173592,93.7795476706965,-0.0323964224640134,0,0,0,0,0,0,0,0,0,796.791542253678,1.06385905303024,1.10978107858989,1
9,simple,7,Go,671,2873,191,503,33.4615785023145,844,32.1097308984194,840,26.7713945991876,0,0,0,799.32658385479,799.690373799704,721.308144626117,870.354243242826,47.2534256059741,-2.45783351257339,0,0,0,0,0,0,0,0,0,796.791542253678,0.905265814677124,1.09232364688646,1
9,simple,8,Go,621,2697,215,531,33.7385450342966,807,32.3293938916229,803,26.1426124590537,0,0,0,797.314640257948,799.764402078009,805.858395049115,773.415098215317,82.4270925922092,-0.269659021286501,0,0,0,0,0,0,0,0,0,796.791542253678,1.01137920310975,0.970661781910684,1
9,simple,9,Go,571,2515,233,505,33.3775599671259,755,31.7766625135928,751,25.4963778758563,0,0,0,202.924260347461,200.248653709859,852.754967495008,250.182909783821,45.962339667305,-600.506508647577,1,1,0,0,0,0,0,0,0,796.791542253678,NaN,NaN,1
9,simple,10,Go,721,3061,179,523,32.7554058913686,896,31.1785286564626,891,25.3232261839725,0,0,0,790.237225767592,799.550556105148,880.450021998759,900.921856855637,57.8289623822048,0.378343257675975,0,0,0,0,0,0,0,0,0,796.791542253678,1.10499418644487,1.13068702299152,1
9,simple,11,Go,671,2897,215,511,33.2869565097201,852,32.1767028916055,848,27.924399345907,0,0,0,795.99046667746,800.205839112037,725.464760320862,816.98249037328,49.4959298292637,-1.00259005118029,0,0,0,0,0,0,0,0,0,796.791542253678,0.910482506213517,1.02534031430918,1
9,simple,12,Go,571,2474,192,510,33.2501664926086,746,31.985633708802,742,26.5595092506127,0,0,0,795.123388716038,799.179801974516,745.385123710782,832.079039411632,59.2672062253657,0.0732111661143362,0,0,0,0,0,0,0,0,0,796.791542253678,0.935483227648858,1.04428698760801,1
9,simple,13,Go,721,2957,NaN,NaN,32.9238257874755,872,31.3112580751361,868,25.7469900451142,0,0,0,795.775242029423,798.809884459168,897.337306764435,910.623638771525,28.1763469762459,-3.56676323300582,0,0,0,1,0,0,0,0,0,796.791542253678,1.12618829289574,1.14286308335538,1
9,simple,14,Go,671,NaN,NaN,NaN,NaN,840,NaN,836,27.141678527867,0,0,0,802.440352864584,799.547865250368,738.570656089219,835.010388240584,2.38394126137172,-0.932129988471118,0,0,1,0,0,0,0,0,0,796.791542253678,NaN,NaN,1
9,simple,15,Go,621,2667,185,493,32.9424387286795,790,31.5222580859859,787,28.3546244471389,0,0,0,786.847753383759,800.289074936349,821.68714530012,805.288220160342,41.5586162874322,-0.767274760157824,0,0,0,0,0,0,0,0,0,796.791542253678,1.03124481338748,1.01066361457933,1
9,gonogo,1,Go,671,2944,262,552,32.5621854439626,874,31.2926428706482,869,23.9308211177794,0,0,0,790.462202691046,799.738996886074,914.623131539788,813.156406420816,39.056377220565,0.882748576755252,0,0,0,0,0,0,0,0,0,796.791542253678,1.14788258037081,1.02053845114978,1
9,gonogo,2,NoGo,571,2487,205,421,1.25923412794227,727,0.488654581907513,676,-0.308283913376534,0,0,0,798.420305987676,799.753675909801,725.47744774668,638.329404148185,128.768615960845,2.25673545741375,0,0,0,0,0,0,0,0,0,796.791542253678,0.910498429356704,0.801124723717207,0
9,gonogo,3,Go,721,3108,226,564,32.6859092816964,918,31.3482248700856,913,24.3497382336059,0,0,0,788.629139303611,800.969660174954,894.083116961983,849.820497656911,38.8341389411483,1.6503164500882,0,0,0,0,0,0,0,0,0,796.791542253678,1.12210417599705,1.06655311030692,1
9,gonogo,4,Go,671,2800,NaN,NaN,33.0867242803227,822,31.7350504268953,819,28.2110903845146,0,0,0,812.034458188393,801.203680621203,856.290312767426,813.397623171738,39.0001938687681,0.320533987761615,0,0,0,1,0,0,0,0,0,796.791542253678,1.07467294437571,1.02084118622932,1
9,gonogo,5,Go,571,2497,215,507,33.1657152626413,751,32.0638287674623,747,27.7482868591037,0,0,0,807.352010701997,798.400718322293,871.079622081131,826.861201824964,64.8731689396953,-1.21420695975152,0,0,0,0,0,0,0,0,0,796.791542253678,1.09323402155768,1.03773842715026,1
9,gonogo,6,NoGo,721,3084,202,196,1.34368175903581,820,0.763663436743965,815,0.750556649350316,0,0,0,801.862695881859,797.020662212485,854.439175486285,509.877661804111,273.662236400861,-0.888650304315938,0,0,0,0,0,0,0,0,0,796.791542253678,1.0723497052561,0.639913496523761,0
9,gonogo,7,Go,621,2699,217,541,32.6124973259871,810,31.5172890436076,806,26.9743964209975,0,0,0,805.269981257789,798.77636244831,861.883983656015,810.033098114402,25.953758491189,-0.170493972927101,0,0,0,0,0,0,0,0,0,796.791542253678,1.08169318818097,1.01661859490033,1
9,gonogo,8,Go,571,2545,263,515,33.3752181495107,765,32.1758155855037,761,27.2712491906993,0,0,0,828.078633651349,799.87045884523,855.972392220553,829.159667389549,3.38162297128946,-0.192359139054527,0,0,0,0,0,0,0,0,0,796.791542253678,1.07427394347019,1.04062307820728,1
9,gonogo,9,NoGo,671,2881,199,211,1.48799542292579,773,0.939782837901887,766,0.911157721327043,0,0,0,830.603638817214,798.980838513824,902.24592641383,628.924215526216,140.084492062726,1.53099041283247,0,0,0,0,0,0,0,0,0,796.791542253678,1.1323487745137,0.789320897844047,0
9,gonogo,10,Go,621,2655,173,501,33.4289837029149,789,31.8463586902466,785,25.576804203377,0,0,0,798.295341436703,799.316122237441,832.967133279645,834.3881981305,33.3992975310752,-0.352927196801015,0,0,0,0,0,0,0,0,0,796.791542253678,1.04540157507652,1.04718505893082,1
9,gonogo,11,NoGo,721,3077,195,395,1.2357733618835,868,0.582900455035978,833,-0.411117686530391,0,0,0,800.560404879219,798.430078726465,850.589657754195,569.135547768038,270.102035042018,0.79025381454573,0,0,0,0,0,0,0,0,0,796.791542253678,1.06751843192054,0.714284122743411,0
9,gonogo,12,Go,671,2851,169,505,32.8606594132913,839,31.6280495863079,835,27.7927885732867,0,0,0,802.165291260269,797.828327152575,845.588999201854,935.791325639947,27.9612999786688,-0.376540396653591,0,0,0,0,0,0,0,0,0,796.791542253678,1.0612424384051,1.1744493710276,1
9,gonogo,13,Go,571,2502,220,502,33.5816742815968,751,32.4364788441728,747,28.5308629178668,0,0,0,799.319629870819,799.505357786945,858.273517937607,875.192677330647,39.5202636357115,-0.915136342917927,0,0,0,0,0,0,0,0,0,796.791542253678,1.07716193310741,1.0983960432803,1
9,gonogo,14,NoGo,721,3107,225,433,1.24074610918779,885,0.655817486011213,825,-0.808689502251922,0,0,0,800.557685127838,799.137567633438,855.319366459665,681.422249393601,195.401076113471,3.2174930515724,0,0,0,0,0,0,0,0,0,796.791542253678,1.07345437432788,0.855207683889613,0
9,gonogo,15,Go,621,2744,262,524,33.5444386141916,817,32.3961312339983,813,27.0537476218499,0,0,0,799.623193757377,798.150484779186,812.511144399612,854.020770008639,39.9682879010189,-0.870123935263757,0,0,0,0,0,0,0,0,0,796.791542253678,1.0197286257601,1.07182459240605,1
9,gostop,1,Stop,671,2950,268,410,4.14497893926091,840,1.35246353554079,895,-3.89531157339321,0,0,0,767.307593202612,799.398670055597,874.839447928756,680.627057627254,189.942595136717,1.70222021837992,0,0,0,0,0,0,0,0,0,796.791542253678,1.09795272858234,0.854209691661812,0
9,gostop,2,Go,721,3060,178,536,33.7246907494687,899,32.6747843625597,896,29.8268048762945,0,0,0,790.961625611949,798.369045033116,862.897659434203,807.478726618231,85.3183771613077,0.857541722407469,0,0,0,0,0,0,0,0,0,796.791542253678,1.08296538514145,1.01341277335139,1
9,gostop,3,Go,571,2648,366,524,34.05639589815,793,32.9244122671255,789,28.3346749774786,0,0,0,798.917917766861,798.637990259268,846.57815841005,866.025632868597,89.119426821565,-0.214569819724964,0,0,0,0,0,0,0,0,0,796.791542253678,1.06248386625133,1.08689109628234,1
9,gostop,4,Go,721,3022,NaN,NaN,33.6114079013835,895,32.6196918324401,892,29.7689256630953,0,0,0,799.53279621433,800.310231570712,824.702129430329,835.799061906431,77.1308069074652,-0.32092211624153,0,0,0,1,0,0,0,0,0,796.791542253678,1.03502871917755,1.04895574009536,1
9,gostop,5,Go,621,2792,310,504,34.3022403326247,824,33.3708418898255,822,31.0353682355994,0,0,0,797.587693857045,799.361070287963,888.45253766929,868.557050309585,34.0548165631073,-0.212117768001569,0,0,0,0,0,0,0,0,0,796.791542253678,1.11503761091182,1.09006810972531,1
9,gostop,6,Stop,671,2740,58,556,22.5602073195138,824,22.456420233895,826,21.9726458958204,0,0,0,598.264390701991,800.960159508167,816.196458127353,843.106074867197,58.1041635299838,0.198575644450596,0,0,0,0,0,0,0,0,0,796.791542253678,1.02435381758545,1.05812628543034,0
9,gostop,7,Go,721,3088,206,532,32.9267659642571,905,31.4769261272372,902,28.3312474343114,0,0,0,795.569127153326,798.745407276094,873.799617762334,772.189679406813,34.4269450474118,-0.376065620303029,0,0,0,0,0,0,0,0,0,796.791542253678,1.09664770699102,0.969123840374509,1
9,gostop,8,Stop,571,2662,380,474,2.62178210816886,784,0.839280369174945,710,-2.49787183151536,0,0,0,799.789182513398,798.971731970085,891.975232660137,812.283836294077,264.644621629759,-0.2231304692454,0,0,0,0,0,0,0,0,0,796.791542253678,1.11945871079058,1.01944334649509,0
9,gostop,9,Go,671,2929,247,543,33.7395009257043,868,32.6335149680274,865,29.0158938867912,0,0,0,-650.24967060576,-643.509907400565,64.3117877139476,198.769168834452,-789.215082178376,-613.331529947865,1,1,0,0,0,0,0,0,0,796.791542253678,NaN,NaN,1
9,gostop,10,Go,621,2755,273,553,34.8399590845269,827,34.0699962926382,825,32.007798239769,0,0,0,797.466014132676,798.201765969051,875.184858221246,932.675023050942,45.0636972114155,2.52604432270742,0,0,0,0,0,0,0,0,0,796.791542253678,1.09838623003683,1.17053830718751,1
9,gostop,11,Stop,571,2576,294,352,2.84654565705335,732,0.837452217968326,688,-2.30859503668678,0,0,0,805.967795671357,800.366703681723,921.950473707154,737.075201824161,260.659687907397,0.239499002124161,0,0,0,0,0,0,0,0,0,796.791542253678,1.15707863953911,0.925053998112714,0
9,gostop,12,Go,671,2921,239,535,33.6611955095279,864,32.3329485446882,860,25.9025341569239,0,0,0,796.279013326526,798.988490984241,833.966099035387,926.149870982593,43.7934676269333,-0.770746501024391,0,0,0,0,0,0,0,0,0,796.791542253678,1.04665531046748,1.16234902338827,1
9,gostop,13,Stop,621,2656,174,428,5.26042594216006,771,0.94048824409014,715,-4.81673548091209,0,0,0,800.336775098062,798.699575515908,804.6043183743,675.024447877914,231.327766631329,1.25217738708802,0,0,0,0,0,0,0,0,0,796.791542253678,1.00980529499413,0.847178229287734,0
9,gostop,14,Go,721,3151,269,509,33.7779817191898,915,32.357471346546,911,27.5267476579317,0,0,0,792.213651395257,798.864663456772,893.461758143784,977.789603352112,39.5526959963952,-0.671093592387291,0,0,0,0,0,0,0,0,0,796.791542253678,1.12132434992555,1.22715861238498,1
9,gostop,15,Go,571,NaN,NaN,NaN,NaN,792,NaN,788,27.7873732044725,0,0,0,474.983438172494,477.392983330672,810.871727375765,518.353886877793,31.4080025395981,-323.512692447582,1,1,1,0,0,0,0,0,0,796.791542253678,NaN,NaN,1
10,free,1,Go,646,2778,196,706,28.6415210112557,871,26.0409840812101,865,17.367643185241,0,0,0,237.914407464291,646.424377441188,657.551650567562,751.109353927555,2.83770796833494,-0.956264435903254,0,0,0,0,0,0,0,0,0,640.08670988942,1.02728527308614,1.17344938165849,1
10,free,2,Go,646,2784,202,704,28.9521778559215,872,26.6380613348864,866,17.5373639517347,0,0,0,674.806859660732,647.497155067246,649.442673262565,706.237337125616,3.4386493844402,0.548848652964833,0,0,0,0,0,0,0,0,0,640.08670988942,1.01461671243692,1.10334635325833,1
10,free,3,Go,646,2772,190,596,27.9735422278245,842,25.0490408654769,835,15.3951756873211,0,0,0,598.611804998793,648.166281092471,649.992328851774,799.944844968791,3.49219496964244,1.59041022163506,0,0,0,0,0,0,0,0,0,640.08670988942,1.01547543295199,1.24974449962723,1
10,free,4,Go,646,2745,163,591,28.5175378376532,834,26.3414297055958,828,18.6145949515486,0,0,0,677.4209189511,647.72591545998,653.566436831077,787.852496152617,3.79451508644216,1.05433692035019,0,0,0,0,0,0,0,0,0,640.08670988942,1.0210592201547,1.23085276413367,1
10,free,5,Go,646,2858,276,634,28.8141157409723,873,26.5192873146805,867,17.5507799809411,0,0,0,665.794993499285,649.043245686957,655.217172228357,709.459194373001,91.2934165902306,1.82134678651794,0,0,0,0,0,0,0,0,0,640.08670988942,1.0236381448094,1.10837982325171,1
10,free,6,Go,646,2729,NaN,NaN,28.8160036333304,850,26.399860477544,844,18.1792481884217,0,0,0,631.767985116221,647.919338249629,648.60430475724,795.785689352618,3.52203459749169,-0.0873820589555143,0,0,0,1,0,0,0,0,0,640.08670988942,1.01330693910094,1.24324669932625,1
10,free,7,Go,646,2787,205,641,28.6702426278528,857,26.1425174604277,851,18.6332366519017,0,0,0,583.214601740382,647.664429816427,646.559018710958,805.551204047205,3.45674796287658,1.38518735412782,0,0,0,0,0,0,0,0,0,640.08670988942,1.01011161256989,1.25850324901508,1
10,free,8,Go,646,2728,NaN,NaN,29.170674165092,837,26.9842940957682,832,19.01383225801,0,0,0,183.750632298609,647.514577486906,644.507083366017,680.717995407834,2.67413860767413,1.95561267338361,0,0,0,1,0,0,0,0,0,640.08670988942,1.00690589791711,1.06347778338568,1
10,free,9,Go,646,2728,NaN,NaN,28.4186039315824,845,25.8877270387627,840,18.4837232201708,0,0,0,580.294904551099,647.131231487689,640.376379258846,734.890945861411,3.60035928710861,1.20461036018556,0,0,0,1,0,0,0,0,0,640.08670988942,1.00045254707675,1.14811155193078,1
10,free,10,Go,646,2745,163,667,28.0309120449328,853,25.2648640699349,847,16.0357176850721,0,0,0,196.492186689932,647.20326439614,657.309852625704,826.727341638134,2.93675204265733,0.50260524135444,0,0,0,0,0,0,0,0,0,640.08670988942,1.02690751498224,1.29158648174551,1
10,free,11,Go,646,2762,180,614,28.3560906686398,844,26.0314054567702,838,18.7000355050663,0,0,0,664.696808295967,647.075831844673,656.01223676923,792.715488363448,58.7150110260291,1.12599404543405,0,0,0,0,0,0,0,0,0,640.08670988942,1.02488026486687,1.23845016013595,1
10,free,12,Go,646,2730,NaN,NaN,28.4632364013249,853,26.0977433902702,848,19.7894327359847,0,0,0,607.999817346766,646.864939060834,648.053438232609,828.336193825452,3.43726377007425,0.923876606793341,0,0,0,1,0,0,0,0,0,640.08670988942,1.01244632675558,1.29409997274987,1
10,free,13,Go,646,2750,168,674,28.2746061356966,856,25.8184244161281,850,18.7038769330717,0,0,0,578.860640274863,647.638268864704,651.83358840509,764.139711244313,3.48405366393445,1.08853536599702,0,0,0,0,0,0,0,0,0,640.08670988942,1.01835201127313,1.19380655689028,1
10,free,14,Go,646,2766,184,554,28.872919146773,830,26.670962495458,824,18.0870707886958,0,0,0,331.506134591411,647.311545038076,660.783381771157,731.379902561953,3.1077050209952,0.631771663995881,0,0,0,0,0,0,0,0,0,640.08670988942,1.03233416904612,1.14262628994172,1
10,free,15,Go,646,2906,324,634,28.4404329328635,885,26.0185996968283,879,18.9330960033674,0,0,0,640.08670988942,647.630304049924,672.064789039074,815.085604963933,2.61125239810663,1.45512182394406,0,0,0,0,0,0,0,0,0,640.08670988942,1.04995898001878,1.27339873234479,1
10,simple,1,Go,571,2491,209,437,29.877497074956,732,28.0584116857533,727,20.7423618087103,0,0,0,7.0977873523999,647.706686135456,697.753200942807,707.514868370163,3.22908407369797,-0.0385741676702708,0,0,0,0,0,0,0,0,0,640.08670988942,1.09009168627068,1.10534222541879,1
10,simple,2,Go,621,2755,273,485,28.8647932296866,810,26.7138505065536,805,19.5057468049408,0,1,0,631.070639939686,644.010920700778,757.151261266761,787.39918797186,55.2717432653822,-2.38319750017253,0,0,0,0,0,0,0,0,0,640.08670988942,1.18288858301333,1.23014456605089,1
10,simple,3,Go,721,3050,168,478,29.5997591510344,882,27.6677803759708,877,20.8532152378741,0,0,0,677.627431497833,647.150659638245,654.258341447023,714.583428964561,169.20354267741,-0.250812415007329,0,0,0,0,0,0,0,0,0,640.08670988942,1.02214017466485,1.11638535517791,1
10,simple,4,Go,671,2877,195,507,29.3388902260008,846,27.0291163253916,840,18.4378913622414,0,0,0,680.518453340555,647.084476232841,683.829072219381,737.704164073121,70.095403481616,-0.23667918822453,0,0,0,0,0,0,0,0,0,640.08670988942,1.06833818239644,1.15250660992565,1
10,simple,5,Go,721,3091,209,549,29.0051694478313,910,26.7401067468797,905,19.1831563780293,0,0,0,627.200867699692,647.464718025765,765.749311014377,741.338446842706,34.2377090427493,0.551439859944823,0,0,0,0,0,0,0,0,0,640.08670988942,1.19632121583444,1.15818440750126,1
10,simple,6,Go,571,2470,188,658,29.3150621723351,782,27.0264466797376,776,18.504394234564,0,0,0,557.346310781911,648.56812302627,674.364788858094,676.916001788041,3.47840351782595,1.94084177767201,0,0,0,0,0,0,0,0,0,640.08670988942,1.05355224290565,1.05753797310521,1
10,simple,7,Go,671,2855,173,545,29.6994193903822,850,27.3839285589268,844,16.8547846795991,0,0,0,690.339206832611,646.775218372957,666.566539074322,805.966071299209,85.1897435248425,1.31758555886216,0,0,0,0,0,0,0,0,0,640.08670988942,1.04136912823807,1.25915139128329,1
10,simple,8,Go,571,2491,209,573,29.1873725037601,766,26.8225892035705,760,16.3725273213675,0,0,0,110.303890170878,647.519481380572,641.428688649619,770.713360102153,3.32527253964607,1.79275020964253,0,0,0,0,0,0,0,0,0,640.08670988942,1.00209655776236,1.20407649181671,1
10,simple,9,Go,621,NaN,NaN,NaN,NaN,767,NaN,761,18.3455015035307,0,0,0,662.640682817237,645.262679021914,673.933394186894,661.789910120769,2.38283548653481,-0.603554218991274,0,0,1,0,0,0,0,0,0,640.08670988942,NaN,NaN,1
10,simple,10,Go,621,NaN,NaN,NaN,NaN,788,NaN,783,19.2318816299998,0,0,0,112.974114149012,646.76909557179,637.409823797993,682.717120359431,2.67273112335364,1.30104054240935,0,0,1,0,0,0,0,0,0,640.08670988942,NaN,NaN,1
10,simple,11,Go,721,NaN,NaN,NaN,NaN,854,NaN,848,19.1057749790949,0,0,0,612.140937811734,646.282853937838,645.960397276074,816.464582753949,3.28200054518499,0.590266721598566,0,0,1,0,0,0,0,0,0,640.08670988942,NaN,NaN,1
10,simple,12,Go,571,2323,NaN,NaN,29.4501377307371,775,27.1753464808909,770,19.1114395417916,0,0,0,8.07170220706408,648.024056482865,662.324336328363,639.330480477867,4.04569832197318,1.92265267679123,0,0,0,1,0,0,0,0,0,640.08670988942,1.03474158437501,0.998818551612041,1
10,simple,13,Go,721,3034,152,474,28.9924730599315,877,26.8281001031379,871,17.9232251894301,0,0,0,253.799263166178,648.364245044835,655.640223053945,710.628821783526,3.08461966671955,0.60090724216542,0,0,0,0,0,0,0,0,0,640.08670988942,1.02429907217916,1.11020711851101,1
10,simple,14,Go,671,2859,177,665,28.5978863475361,881,26.02434678752,874,15.1125078508111,0,0,0,151.354630516163,647.96444227345,649.779686748511,741.939963630497,2.86895125549298,1.95445505884038,0,0,0,0,0,0,0,0,0,640.08670988942,1.01514322467462,1.15912415016189,1
10,simple,15,Go,621,2637,155,555,29.4511195800004,798,27.3188487308421,792,17.4626263729331,0,0,0,645.643355555043,647.037265462951,652.239956704702,683.73291447019,2.85103026749771,2.12756855491227,0,0,0,0,0,0,0,0,0,640.08670988942,1.01898687572717,1.0681879562666,1
10,gonogo,1,Go,571,2443,161,485,29.7988794679467,732,27.7442286321692,726,18.7167925730075,0,0,0,657.090083604767,647.934439970606,661.168301778062,745.23238874089,55.3872966661725,0.407174049827914,0,0,0,0,0,0,0,0,0,640.08670988942,1.03293552508266,1.16426786750444,1
10,gonogo,2,Go,671,2845,163,447,29.3218428226302,823,27.1978609994641,817,17.045559430946,0,0,0,679.892602783034,646.888826397998,648.502939910266,811.31362327241,60.3242632359609,-0.491150764408974,0,0,0,0,0,0,0,0,0,640.08670988942,1.01314857798297,1.26750580934975,1
10,gonogo,3,NoGo,721,NaN,NaN,NaN,4.98194743353527,814,1.95618305636272,893,-4.19533054878844,0,0,0,628.151018864537,647.871244754156,768.051798936118,753.988348451619,132.77325509217,0.378548532215843,0,0,0,0,0,0,0,0,0,640.08670988942,1.19991836585516,1.17794720121884,0
10,gonogo,4,Go,671,2759,NaN,NaN,29.3552577831005,818,27.360730815284,813,21.1928516012663,0,0,0,748.525427996808,646.967467432302,662.165787878548,739.024483421748,83.7894353068058,0.52916663282107,0,0,0,1,0,0,0,0,0,640.08670988942,1.03449388598139,1.15456932944197,1
10,gonogo,5,Go,721,3043,161,437,29.8027805347489,870,27.6307962953627,864,18.4101929212925,0,0,0,669.361650603955,646.590766322734,656.795906435359,774.405070520347,38.9058187275134,-0.00307150609000951,0,0,0,0,0,0,0,0,0,640.08670988942,1.02610458284445,1.20984400793782,1
10,gonogo,6,Go,621,2617,NaN,NaN,29.6855176706269,774,27.1761067965033,768,16.0181965498554,0,0,0,626.662892474703,647.005062209326,672.12041395932,711.672917516881,38.8022069607606,0.637197258675637,0,0,0,1,0,0,0,0,0,640.08670988942,1.0500458821828,1.11183829709545,1
10,gonogo,7,Go,621,2639,157,537,29.1085989120293,794,26.8258238460199,788,18.6118252339951,0,0,0,342.849320743601,648.623199662935,652.55977535542,742.120348760005,3.58050608239211,1.64400218631194,0,0,0,0,0,0,0,0,0,640.08670988942,1.01948652467438,1.15940596374546,1
10,gonogo,8,NoGo,721,3027,145,NaN,1.35911799950758,480,1.00636728310184,493,0.891190453690842,0,0,0,477.221338267355,647.53161303005,708.679023402255,495.889927982996,3.28922527105131,0.998388298525305,0,0,0,0,0,0,0,0,0,640.08670988942,1.10716097124511,0.774723049739096,0
10,gonogo,9,Go,671,2832,150,568,29.4560226466827,850,27.0206318371358,845,18.8976493608061,0,0,0,653.014188612102,647.633838389169,658.515902493633,690.666885513446,56.3157285913667,1.0766994266762,0,0,0,0,0,0,0,0,0,640.08670988942,1.02879171262187,1.07902081834001,1
10,gonogo,10,NoGo,671,2842,160,410,13.936838993606,813,11.1769365826565,821,7.43531023894229,0,0,0,655.786500131768,647.663489744742,639.59481547709,713.37978203531,23.5532470700284,0.83751688351371,0,0,0,0,0,0,0,0,0,640.08670988942,0.999231519097756,1.11450491162135,0
10,gonogo,11,Go,571,2469,187,579,29.5335963040231,762,27.1110566047953,756,17.1853975356058,0,0,0,19.6332868839683,645.348810875472,660.527124395396,836.939733868237,3.10108123579548,2.04570983929519,0,0,0,0,0,0,0,0,0,640.08670988942,1.03193382113731,1.30754118299507,1
10,gonogo,12,NoGo,621,2651,169,NaN,1.3300268537729,449,0.830376856784255,473,0.646899507731481,0,0,0,610.38236902977,648.691077176444,704.114104017384,468.323975189507,205.994452347428,1.43682227726023,0,0,0,0,0,0,0,0,0,640.08670988942,1.10002925094168,0.731657083257382,0
10,gonogo,13,Go,571,2391,NaN,NaN,29.0756416078169,746,26.5921102617878,740,16.7952438897921,0,0,0,614.068999672896,648.021557822793,648.712719463791,696.337576012377,62.1038143503937,1.90166207943159,0,0,0,1,0,0,0,0,0,640.08670988942,1.01347631413229,1.08788007195568,1
10,gonogo,14,Go,571,2456,174,556,29.6655533287665,753,27.3132254647928,748,21.2486792372395,0,3,0,33.6012936319662,647.497496557833,649.963218710288,778.500427017789,2.9883842200893,1.9732221195126,0,0,0,0,0,0,0,0,0,640.08670988942,1.01542995451753,1.21624213561985,1
10,gonogo,15,NoGo,721,NaN,NaN,NaN,1.78114014895297,1176,0.622334490239781,505,-0.804234155293166,0,0,0,568.675449314362,649.170334004284,815.48242709312,644.892523834048,155.180615791321,0.856497592004997,0,0,0,0,0,0,0,0,0,640.08670988942,1.27401868292813,1.007508067064,0
10,gostop,1,Go,621,2747,265,557,29.3504775064886,826,27.4270433185405,821,20.1651198041832,0,0,0,55.3434113582535,647.11970864074,648.5464143567,782.710548416002,3.14430684117054,0.812165267779343,0,0,0,0,0,0,0,0,0,640.08670988942,1.01321649760349,1.22281955916757,1
10,gostop,2,Go,571,2517,235,531,29.2042217944522,762,26.9573610917836,756,17.0642304356309,0,0,0,7.24812048100993,646.448396915688,665.264078040794,848.346690612643,3.69218693490598,1.36623830880792,0,0,0,0,0,0,0,0,0,640.08670988942,1.03933430855911,1.32536213845028,1
10,gostop,3,Stop,571,2530,248,402,2.95851297813711,733,1.54487555024525,789,-2.63882606444737,0,0,0,670.745409215218,646.838310210224,653.663323301307,504.614037496802,193.500660259176,0.769474359716972,0,0,0,0,0,0,0,0,0,640.08670988942,1.02121058475692,0.788352624262387,0
10,gostop,4,Go,621,2722,240,534,29.019623774945,814,27.0318511064463,809,21.4476738701599,0,0,0,260.192452798312,645.973386642279,656.343544681082,746.898510592392,3.44538001711266,0.720254119842142,0,0,0,0,0,0,0,0,0,640.08670988942,1.02539786335272,1.16687083023708,1
10,gostop,5,Go,671,2991,309,521,29.2277296393805,878,27.278974735526,873,19.5681052609567,0,0,0,449.532890359697,647.003836945627,659.876190633347,703.168302488064,3.43206507931933,1.09448466993603,0,0,0,0,0,0,0,0,0,640.08670988942,1.03091687491425,1.09855163624557,1
10,gostop,6,Stop,671,2978,296,330,1.18722911982671,827,0.759639053935494,547,-0.638280078147355,0,0,0,651.474825556015,645.964896107942,650.999925983393,477.441048069916,215.768773696503,0.377505763407244,0,0,0,0,0,0,0,0,0,640.08670988942,1.01704959019671,0.745900579864246,0
10,gostop,7,Go,721,3202,320,522,29.0793824338895,931,26.9956301850565,926,20.6802437407737,0,0,0,675.993053892674,646.788535004808,662.695391707629,817.551385201946,55.8234842156171,1.38253125492933,0,0,0,0,0,0,0,0,0,640.08670988942,1.03532127986553,1.27725099204635,1
10,gostop,8,Go,671,2955,273,537,29.1230841466277,873,26.8006357297457,868,20.520767147994,0,0,0,663.830069760739,647.315412776979,653.322599954706,754.951595922856,43.8957866335155,2.27192533685286,0,0,0,0,0,0,0,0,0,640.08670988942,1.02067827664719,1.1794520715065,1
10,gostop,9,Stop,721,3298,416,NaN,NaN,1250,NaN,559,-1.49155395941908,1,56,27,632.742023709259,646.434240526534,674.554273319274,492.88634878164,167.376890359601,1.35171094364266,0,0,0,0,0,0,0,0,0,640.08670988942,1.05384827226894,0.770030592990737,0
10,gostop,10,Go,721,3138,256,542,29.1619779815621,920,27.1172675898902,914,18.4146360594881,0,0,0,639.763477516811,646.24026465339,658.755265780378,745.285260507828,68.3950348685156,1.65549908658325,0,0,0,0,0,0,0,0,0,640.08670988942,1.02916566709248,1.16435046844916,1
10,gostop,11,Stop,571,2542,260,402,2.27791768777207,736,1.05347153453794,820,-1.97625837796594,0,0,0,458.784133090966,483.611463480398,481.917583442656,607.431253405648,56.2954214083251,2.22781743757752,0,0,0,0,0,0,0,0,0,640.08670988942,0.752894218856553,0.948982761273995,0
10,gostop,12,Go,621,2632,150,672,29.2418812440438,826,27.3906214602892,821,21.7828493307573,0,0,0,644.211491887,646.716116957417,655.429589500812,757.756798429585,53.6009699098707,0.965918192580738,0,0,0,0,0,0,0,0,0,640.08670988942,1.02397000183622,1.18383460665898,1
10,gostop,13,Go,721,3175,293,521,28.9704740780473,924,26.9638381862807,919,20.9125913630879,0,0,0,265.939545249029,249.000170659896,257.60200615628,775.111117928456,-390.237037374074,1.50972961300759,1,1,0,0,0,0,0,0,0,640.08670988942,NaN,NaN,1
10,gostop,14,Go,671,2952,270,572,28.8950589728855,881,26.8694388857336,876,20.103162186416,0,0,0,665.680158408662,646.586363647661,652.440954689891,824.655664596036,3.44460123221618,2.06631785362758,0,0,0,0,0,0,0,0,0,640.08670988942,1.01930089253471,1.28834992486956,1
10,gostop,15,Stop,621,2775,293,1261,1.40437611013956,1009,0.770859569868276,884,-1.24222297989729,0,0,0,639.160105448327,646.417585037648,698.038703675559,509.045513696339,159.278061933536,1.66349576839599,0,0,0,0,0,0,0,0,0,640.08670988942,1.09053772385955,0.795275867834033,0
